datetime,gallons
2026-08-22 00:00:00,0.09
2026-08-22 00:01:00,0.119
2026-08-22 00:02:00,0.082
2026-08-22 00:03:00,0.095
2026-08-22 00:04:00,0.108
2026-08-22 00:05:00,0.067
2026-08-22 00:06:00,0.07
2026-08-22 00:07:00,0.103
2026-08-22 00:08:00,0.058
2026-08-22 00:09:00,0.042
2026-08-22 00:10:00,0.082
2026-08-22 00:11:00,0.084
2026-08-22 00:12:00,0.078
2026-08-22 00:13:00,0.096
2026-08-22 00:14:00,0.067
2026-08-22 00:15:00,0.089
2026-08-22 00:16:00,0.109
2026-08-22 00:17:00,0.081
2026-08-22 00:18:00,0.117
2026-08-22 00:19:00,0.074
2026-08-22 00:20:00,0.089
2026-08-22 00:21:00,0.07
2026-08-22 00:22:00,0.091
2026-08-22 00:23:00,0.117
2026-08-22 00:24:00,0.073
2026-08-22 00:25:00,0.046
2026-08-22 00:26:00,0.065
2026-08-22 00:27:00,0.095
2026-08-22 00:28:00,0.064
2026-08-22 00:29:00,0.076
2026-08-22 00:30:00,0.116
2026-08-22 00:31:00,0.052
2026-08-22 00:32:00,0.095
2026-08-22 00:33:00,0.102
2026-08-22 00:34:00,0.069
2026-08-22 00:35:00,0.07
2026-08-22 00:36:00,0.055
2026-08-22 00:37:00,0.054
2026-08-22 00:38:00,0.074
2026-08-22 00:39:00,0.047
2026-08-22 00:40:00,0.098
2026-08-22 00:41:00,0.097
2026-08-22 00:42:00,0.054
2026-08-22 00:43:00,0.071
2026-08-22 00:44:00,0.041
2026-08-22 00:45:00,0.062
2026-08-22 00:46:00,0.047
2026-08-22 00:47:00,0.07
2026-08-22 00:48:00,0.053
2026-08-22 00:49:00,0.088
2026-08-22 00:50:00,0.077
2026-08-22 00:51:00,0.119
2026-08-22 00:52:00,0.067
2026-08-22 00:53:00,0.047
2026-08-22 00:54:00,0.102
2026-08-22 00:55:00,0.101
2026-08-22 00:56:00,0.087
2026-08-22 00:57:00,0.041
2026-08-22 00:58:00,0.084
2026-08-22 00:59:00,0.091
2026-08-22 01:00:00,0.053
2026-08-22 01:01:00,0.083
2026-08-22 01:02:00,0.097
2026-08-22 01:03:00,0.104
2026-08-22 01:04:00,0.046
2026-08-22 01:05:00,0.082
2026-08-22 01:06:00,0.119
2026-08-22 01:07:00,0.05
2026-08-22 01:08:00,0.096
2026-08-22 01:09:00,0.115
2026-08-22 01:10:00,0.08
2026-08-22 01:11:00,0.116
2026-08-22 01:12:00,0.092
2026-08-22 01:13:00,0.09
2026-08-22 01:14:00,0.088
2026-08-22 01:15:00,0.041
2026-08-22 01:16:00,0.056
2026-08-22 01:17:00,0.08
2026-08-22 01:18:00,0.106
2026-08-22 01:19:00,0.112
2026-08-22 01:20:00,0.117
2026-08-22 01:21:00,0.08
2026-08-22 01:22:00,0.058
2026-08-22 01:23:00,0.07
2026-08-22 01:24:00,0.103
2026-08-22 01:25:00,0.107
2026-08-22 01:26:00,0.094
2026-08-22 01:27:00,0.062
2026-08-22 01:28:00,0.109
2026-08-22 01:29:00,0.083
2026-08-22 01:30:00,0.11
2026-08-22 01:31:00,0.115
2026-08-22 01:32:00,0.079
2026-08-22 01:33:00,0.048
2026-08-22 01:34:00,0.043
2026-08-22 01:35:00,0.083
2026-08-22 01:36:00,0.056
2026-08-22 01:37:00,0.101
2026-08-22 01:38:00,0.087
2026-08-22 01:39:00,0.07
2026-08-22 01:40:00,0.049
2026-08-22 01:41:00,0.042
2026-08-22 01:42:00,0.065
2026-08-22 01:43:00,0.068
2026-08-22 01:44:00,0.083
2026-08-22 01:45:00,0.117
2026-08-22 01:46:00,0.103
2026-08-22 01:47:00,0.046
2026-08-22 01:48:00,0.073
2026-08-22 01:49:00,0.103
2026-08-22 01:50:00,0.05
2026-08-22 01:51:00,0.053
2026-08-22 01:52:00,0.044
2026-08-22 01:53:00,0.094
2026-08-22 01:54:00,0.053
2026-08-22 01:55:00,0.047
2026-08-22 01:56:00,0.055
2026-08-22 01:57:00,0.09
2026-08-22 01:58:00,0.107
2026-08-22 01:59:00,0.049
2026-08-22 02:00:00,0.073
2026-08-22 02:01:00,0.045
2026-08-22 02:02:00,0.058
2026-08-22 02:03:00,0.083
2026-08-22 02:04:00,0.074
2026-08-22 02:05:00,0.068
2026-08-22 02:06:00,0.085
2026-08-22 02:07:00,0.06
2026-08-22 02:08:00,0.099
2026-08-22 02:09:00,0.078
2026-08-22 02:10:00,0.063
2026-08-22 02:11:00,0.053
2026-08-22 02:12:00,0.091
2026-08-22 02:13:00,0.083
2026-08-22 02:14:00,0.097
2026-08-22 02:15:00,0.048
2026-08-22 02:16:00,0.096
2026-08-22 02:17:00,0.109
2026-08-22 02:18:00,0.049
2026-08-22 02:19:00,0.064
2026-08-22 02:20:00,0.048
2026-08-22 02:21:00,0.097
2026-08-22 02:22:00,0.053
2026-08-22 02:23:00,0.08
2026-08-22 02:24:00,0.08
2026-08-22 02:25:00,0.048
2026-08-22 02:26:00,0.047
2026-08-22 02:27:00,0.055
2026-08-22 02:28:00,0.06
2026-08-22 02:29:00,0.054
2026-08-22 02:30:00,0.117
2026-08-22 02:31:00,0.101
2026-08-22 02:32:00,0.053
2026-08-22 02:33:00,0.118
2026-08-22 02:34:00,0.116
2026-08-22 02:35:00,0.076
2026-08-22 02:36:00,0.054
2026-08-22 02:37:00,0.1
2026-08-22 02:38:00,0.085
2026-08-22 02:39:00,0.055
2026-08-22 02:40:00,0.091
2026-08-22 02:41:00,0.045
2026-08-22 02:42:00,0.046
2026-08-22 02:43:00,0.045
2026-08-22 02:44:00,0.042
2026-08-22 02:45:00,0.065
2026-08-22 02:46:00,0.097
2026-08-22 02:47:00,0.105
2026-08-22 02:48:00,0.055
2026-08-22 02:49:00,0.076
2026-08-22 02:50:00,0.07
2026-08-22 02:51:00,0.081
2026-08-22 02:52:00,0.093
2026-08-22 02:53:00,0.048
2026-08-22 02:54:00,0.105
2026-08-22 02:55:00,0.082
2026-08-22 02:56:00,0.09
2026-08-22 02:57:00,0.054
2026-08-22 02:58:00,0.095
2026-08-22 02:59:00,0.063
2026-08-22 03:00:00,0.059
2026-08-22 03:01:00,0.111
2026-08-22 03:02:00,0.108
2026-08-22 03:03:00,0.08
2026-08-22 03:04:00,0.106
2026-08-22 03:05:00,0.087
2026-08-22 03:06:00,0.101
2026-08-22 03:07:00,0.101
2026-08-22 03:08:00,0.112
2026-08-22 03:09:00,0.116
2026-08-22 03:10:00,0.116
2026-08-22 03:11:00,0.112
2026-08-22 03:12:00,0.049
2026-08-22 03:13:00,0.074
2026-08-22 03:14:00,0.107
2026-08-22 03:15:00,0.062
2026-08-22 03:16:00,0.082
2026-08-22 03:17:00,0.107
2026-08-22 03:18:00,0.076
2026-08-22 03:19:00,0.116
2026-08-22 03:20:00,0.108
2026-08-22 03:21:00,0.101
2026-08-22 03:22:00,0.098
2026-08-22 03:23:00,0.086
2026-08-22 03:24:00,0.086
2026-08-22 03:25:00,0.114
2026-08-22 03:26:00,0.083
2026-08-22 03:27:00,0.059
2026-08-22 03:28:00,0.041
2026-08-22 03:29:00,0.101
2026-08-22 03:30:00,0.082
2026-08-22 03:31:00,0.091
2026-08-22 03:32:00,0.114
2026-08-22 03:33:00,0.111
2026-08-22 03:34:00,0.076
2026-08-22 03:35:00,0.076
2026-08-22 03:36:00,0.109
2026-08-22 03:37:00,0.056
2026-08-22 03:38:00,0.101
2026-08-22 03:39:00,0.094
2026-08-22 03:40:00,0.106
2026-08-22 03:41:00,0.105
2026-08-22 03:42:00,0.061
2026-08-22 03:43:00,0.062
2026-08-22 03:44:00,0.089
2026-08-22 03:45:00,0.112
2026-08-22 03:46:00,0.067
2026-08-22 03:47:00,0.084
2026-08-22 03:48:00,0.113
2026-08-22 03:49:00,0.068
2026-08-22 03:50:00,0.054
2026-08-22 03:51:00,0.103
2026-08-22 03:52:00,0.063
2026-08-22 03:53:00,0.106
2026-08-22 03:54:00,0.099
2026-08-22 03:55:00,0.078
2026-08-22 03:56:00,0.062
2026-08-22 03:57:00,0.074
2026-08-22 03:58:00,0.077
2026-08-22 03:59:00,0.114
2026-08-22 04:00:00,0.082
2026-08-22 04:01:00,0.053
2026-08-22 04:02:00,0.046
2026-08-22 04:03:00,0.041
2026-08-22 04:04:00,0.085
2026-08-22 04:05:00,0.118
2026-08-22 04:06:00,0.111
2026-08-22 04:07:00,0.084
2026-08-22 04:08:00,0.081
2026-08-22 04:09:00,0.044
2026-08-22 04:10:00,0.079
2026-08-22 04:11:00,0.073
2026-08-22 04:12:00,0.052
2026-08-22 04:13:00,0.071
2026-08-22 04:14:00,0.097
2026-08-22 04:15:00,0.083
2026-08-22 04:16:00,0.111
2026-08-22 04:17:00,0.061
2026-08-22 04:18:00,0.06
2026-08-22 04:19:00,0.057
2026-08-22 04:20:00,0.078
2026-08-22 04:21:00,0.101
2026-08-22 04:22:00,0.067
2026-08-22 04:23:00,0.075
2026-08-22 04:24:00,0.109
2026-08-22 04:25:00,0.087
2026-08-22 04:26:00,0.069
2026-08-22 04:27:00,0.059
2026-08-22 04:28:00,0.061
2026-08-22 04:29:00,0.119
2026-08-22 04:30:00,0.069
2026-08-22 04:31:00,0.058
2026-08-22 04:32:00,0.063
2026-08-22 04:33:00,0.051
2026-08-22 04:34:00,0.096
2026-08-22 04:35:00,0.103
2026-08-22 04:36:00,0.117
2026-08-22 04:37:00,0.096
2026-08-22 04:38:00,0.07
2026-08-22 04:39:00,0.086
2026-08-22 04:40:00,0.102
2026-08-22 04:41:00,0.065
2026-08-22 04:42:00,0.105
2026-08-22 04:43:00,0.065
2026-08-22 04:44:00,0.051
2026-08-22 04:45:00,0.115
2026-08-22 04:46:00,0.051
2026-08-22 04:47:00,0.057
2026-08-22 04:48:00,0.115
2026-08-22 04:49:00,0.1
2026-08-22 04:50:00,0.051
2026-08-22 04:51:00,0.055
2026-08-22 04:52:00,0.041
2026-08-22 04:53:00,0.096
2026-08-22 04:54:00,0.078
2026-08-22 04:55:00,0.106
2026-08-22 04:56:00,0.098
2026-08-22 04:57:00,0.118
2026-08-22 04:58:00,0.114
2026-08-22 04:59:00,0.118
2026-08-22 05:00:00,0.042
2026-08-22 05:01:00,0.059
2026-08-22 05:02:00,0.091
2026-08-22 05:03:00,0.048
2026-08-22 05:04:00,0.094
2026-08-22 05:05:00,0.112
2026-08-22 05:06:00,0.093
2026-08-22 05:07:00,0.114
2026-08-22 05:08:00,0.074
2026-08-22 05:09:00,0.062
2026-08-22 05:10:00,0.064
2026-08-22 05:11:00,0.05
2026-08-22 05:12:00,0.073
2026-08-22 05:13:00,0.05
2026-08-22 05:14:00,0.042
2026-08-22 05:15:00,0.104
2026-08-22 05:16:00,0.041
2026-08-22 05:17:00,0.115
2026-08-22 05:18:00,0.12
2026-08-22 05:19:00,0.055
2026-08-22 05:20:00,0.043
2026-08-22 05:21:00,0.045
2026-08-22 05:22:00,0.074
2026-08-22 05:23:00,0.117
2026-08-22 05:24:00,0.108
2026-08-22 05:25:00,0.079
2026-08-22 05:26:00,0.063
2026-08-22 05:27:00,0.1
2026-08-22 05:28:00,0.1
2026-08-22 05:29:00,0.108
2026-08-22 05:30:00,0.054
2026-08-22 05:31:00,0.113
2026-08-22 05:32:00,0.045
2026-08-22 05:33:00,0.119
2026-08-22 05:34:00,0.067
2026-08-22 05:35:00,0.105
2026-08-22 05:36:00,0.068
2026-08-22 05:37:00,0.051
2026-08-22 05:38:00,0.047
2026-08-22 05:39:00,0.116
2026-08-22 05:40:00,0.104
2026-08-22 05:41:00,0.091
2026-08-22 05:42:00,0.054
2026-08-22 05:43:00,0.091
2026-08-22 05:44:00,0.117
2026-08-22 05:45:00,0.089
2026-08-22 05:46:00,0.104
2026-08-22 05:47:00,0.067
2026-08-22 05:48:00,0.045
2026-08-22 05:49:00,0.043
2026-08-22 05:50:00,0.073
2026-08-22 05:51:00,0.092
2026-08-22 05:52:00,0.099
2026-08-22 05:53:00,0.068
2026-08-22 05:54:00,0.077
2026-08-22 05:55:00,0.088
2026-08-22 05:56:00,0.104
2026-08-22 05:57:00,0.053
2026-08-22 05:58:00,0.089
2026-08-22 05:59:00,0.102
2026-08-22 06:00:00,0.089
2026-08-22 06:01:00,0.043
2026-08-22 06:02:00,0.057
2026-08-22 06:03:00,0.064
2026-08-22 06:04:00,0.113
2026-08-22 06:05:00,0.06
2026-08-22 06:06:00,0.051
2026-08-22 06:07:00,0.04
2026-08-22 06:08:00,0.058
2026-08-22 06:09:00,0.117
2026-08-22 06:10:00,0.042
2026-08-22 06:11:00,0.118
2026-08-22 06:12:00,0.073
2026-08-22 06:13:00,0.073
2026-08-22 06:14:00,0.093
2026-08-22 06:15:00,0.07
2026-08-22 06:16:00,0.097
2026-08-22 06:17:00,0.103
2026-08-22 06:18:00,0.057
2026-08-22 06:19:00,0.081
2026-08-22 06:20:00,0.086
2026-08-22 06:21:00,0.049
2026-08-22 06:22:00,0.052
2026-08-22 06:23:00,0.051
2026-08-22 06:24:00,0.104
2026-08-22 06:25:00,0.056
2026-08-22 06:26:00,0.079
2026-08-22 06:27:00,0.101
2026-08-22 06:28:00,0.06
2026-08-22 06:29:00,0.077
2026-08-22 06:30:00,0.075
2026-08-22 06:31:00,0.066
2026-08-22 06:32:00,0.1
2026-08-22 06:33:00,0.065
2026-08-22 06:34:00,0.086
2026-08-22 06:35:00,0.08
2026-08-22 06:36:00,0.049
2026-08-22 06:37:00,0.06
2026-08-22 06:38:00,0.07
2026-08-22 06:39:00,0.088
2026-08-22 06:40:00,0.078
2026-08-22 06:41:00,0.116
2026-08-22 06:42:00,0.07
2026-08-22 06:43:00,0.093
2026-08-22 06:44:00,0.049
2026-08-22 06:45:00,0.115
2026-08-22 06:46:00,0.086
2026-08-22 06:47:00,0.073
2026-08-22 06:48:00,0.1
2026-08-22 06:49:00,0.094
2026-08-22 06:50:00,0.097
2026-08-22 06:51:00,0.116
2026-08-22 06:52:00,0.106
2026-08-22 06:53:00,0.06
2026-08-22 06:54:00,0.088
2026-08-22 06:55:00,0.081
2026-08-22 06:56:00,0.066
2026-08-22 06:57:00,0.094
2026-08-22 06:58:00,0.088
2026-08-22 06:59:00,0.093
2026-08-22 07:00:00,0.042
2026-08-22 07:01:00,0.105
2026-08-22 07:02:00,0.11
2026-08-22 07:03:00,0.094
2026-08-22 07:04:00,0.068
2026-08-22 07:05:00,0.072
2026-08-22 07:06:00,0.052
2026-08-22 07:07:00,0.116
2026-08-22 07:08:00,0.058
2026-08-22 07:09:00,0.074
2026-08-22 07:10:00,0.042
2026-08-22 07:11:00,0.11
2026-08-22 07:12:00,0.086
2026-08-22 07:13:00,0.051
2026-08-22 07:14:00,0.118
2026-08-22 07:15:00,0.065
2026-08-22 07:16:00,0.063
2026-08-22 07:17:00,0.059
2026-08-22 07:18:00,0.107
2026-08-22 07:19:00,0.094
2026-08-22 07:20:00,0.109
2026-08-22 07:21:00,0.058
2026-08-22 07:22:00,0.053
2026-08-22 07:23:00,0.07
2026-08-22 07:24:00,0.052
2026-08-22 07:25:00,0.097
2026-08-22 07:26:00,0.104
2026-08-22 07:27:00,0.115
2026-08-22 07:28:00,0.091
2026-08-22 07:29:00,0.062
2026-08-22 07:30:00,0.106
2026-08-22 07:31:00,0.048
2026-08-22 07:32:00,0.083
2026-08-22 07:33:00,0.069
2026-08-22 07:34:00,0.056
2026-08-22 07:35:00,0.11
2026-08-22 07:36:00,0.069
2026-08-22 07:37:00,0.119
2026-08-22 07:38:00,0.059
2026-08-22 07:39:00,0.053
2026-08-22 07:40:00,0.105
2026-08-22 07:41:00,0.071
2026-08-22 07:42:00,0.094
2026-08-22 07:43:00,0.074
2026-08-22 07:44:00,0.057
2026-08-22 07:45:00,0.119
2026-08-22 07:46:00,0.081
2026-08-22 07:47:00,0.099
2026-08-22 07:48:00,0.105
2026-08-22 07:49:00,0.047
2026-08-22 07:50:00,0.082
2026-08-22 07:51:00,0.112
2026-08-22 07:52:00,0.095
2026-08-22 07:53:00,0.068
2026-08-22 07:54:00,0.102
2026-08-22 07:55:00,0.088
2026-08-22 07:56:00,0.109
2026-08-22 07:57:00,0.118
2026-08-22 07:58:00,0.075
2026-08-22 07:59:00,0.115
2026-08-22 08:00:00,0.066
2026-08-22 08:01:00,0.117
2026-08-22 08:02:00,0.044
2026-08-22 08:03:00,0.078
2026-08-22 08:04:00,0.093
2026-08-22 08:05:00,0.116
2026-08-22 08:06:00,0.103
2026-08-22 08:07:00,0.108
2026-08-22 08:08:00,0.083
2026-08-22 08:09:00,0.096
2026-08-22 08:10:00,0.082
2026-08-22 08:11:00,0.097
2026-08-22 08:12:00,0.077
2026-08-22 08:13:00,0.119
2026-08-22 08:14:00,0.087
2026-08-22 08:15:00,0.055
2026-08-22 08:16:00,0.071
2026-08-22 08:17:00,0.076
2026-08-22 08:18:00,0.087
2026-08-22 08:19:00,0.07
2026-08-22 08:20:00,0.049
2026-08-22 08:21:00,0.112
2026-08-22 08:22:00,0.11
2026-08-22 08:23:00,0.092
2026-08-22 08:24:00,0.084
2026-08-22 08:25:00,0.112
2026-08-22 08:26:00,0.057
2026-08-22 08:27:00,0.08
2026-08-22 08:28:00,0.065
2026-08-22 08:29:00,0.1
2026-08-22 08:30:00,0.106
2026-08-22 08:31:00,0.068
2026-08-22 08:32:00,0.061
2026-08-22 08:33:00,0.051
2026-08-22 08:34:00,0.045
2026-08-22 08:35:00,0.098
2026-08-22 08:36:00,0.106
2026-08-22 08:37:00,0.05
2026-08-22 08:38:00,0.057
2026-08-22 08:39:00,0.066
2026-08-22 08:40:00,0.068
2026-08-22 08:41:00,0.05
2026-08-22 08:42:00,0.047
2026-08-22 08:43:00,0.062
2026-08-22 08:44:00,0.102
2026-08-22 08:45:00,0.059
2026-08-22 08:46:00,0.092
2026-08-22 08:47:00,0.072
2026-08-22 08:48:00,0.067
2026-08-22 08:49:00,0.113
2026-08-22 08:50:00,0.095
2026-08-22 08:51:00,0.058
2026-08-22 08:52:00,0.047
2026-08-22 08:53:00,0.107
2026-08-22 08:54:00,0.06
2026-08-22 08:55:00,0.067
2026-08-22 08:56:00,0.088
2026-08-22 08:57:00,0.095
2026-08-22 08:58:00,0.078
2026-08-22 08:59:00,0.041
2026-08-22 09:00:00,0.11
2026-08-22 09:01:00,0.111
2026-08-22 09:02:00,0.113
2026-08-22 09:03:00,0.068
2026-08-22 09:04:00,0.086
2026-08-22 09:05:00,0.095
2026-08-22 09:06:00,0.085
2026-08-22 09:07:00,0.072
2026-08-22 09:08:00,0.116
2026-08-22 09:09:00,0.05
2026-08-22 09:10:00,0.05
2026-08-22 09:11:00,0.11
2026-08-22 09:12:00,0.045
2026-08-22 09:13:00,0.105
2026-08-22 09:14:00,0.07
2026-08-22 09:15:00,0.088
2026-08-22 09:16:00,0.071
2026-08-22 09:17:00,0.071
2026-08-22 09:18:00,0.071
2026-08-22 09:19:00,0.092
2026-08-22 09:20:00,0.086
2026-08-22 09:21:00,0.057
2026-08-22 09:22:00,0.055
2026-08-22 09:23:00,0.108
2026-08-22 09:24:00,0.055
2026-08-22 09:25:00,0.1
2026-08-22 09:26:00,0.052
2026-08-22 09:27:00,0.055
2026-08-22 09:28:00,0.096
2026-08-22 09:29:00,0.08
2026-08-22 09:30:00,0.119
2026-08-22 09:31:00,0.055
2026-08-22 09:32:00,0.113
2026-08-22 09:33:00,0.08
2026-08-22 09:34:00,0.066
2026-08-22 09:35:00,0.075
2026-08-22 09:36:00,0.092
2026-08-22 09:37:00,0.113
2026-08-22 09:38:00,0.048
2026-08-22 09:39:00,0.089
2026-08-22 09:40:00,0.078
2026-08-22 09:41:00,0.114
2026-08-22 09:42:00,0.07
2026-08-22 09:43:00,0.11
2026-08-22 09:44:00,0.096
2026-08-22 09:45:00,0.061
2026-08-22 09:46:00,0.061
2026-08-22 09:47:00,0.08
2026-08-22 09:48:00,0.114
2026-08-22 09:49:00,0.111
2026-08-22 09:50:00,0.119
2026-08-22 09:51:00,0.109
2026-08-22 09:52:00,0.11
2026-08-22 09:53:00,0.092
2026-08-22 09:54:00,0.068
2026-08-22 09:55:00,0.073
2026-08-22 09:56:00,0.069
2026-08-22 09:57:00,0.055
2026-08-22 09:58:00,0.057
2026-08-22 09:59:00,0.06
2026-08-22 10:00:00,0.083
2026-08-22 10:01:00,0.042
2026-08-22 10:02:00,0.083
2026-08-22 10:03:00,0.051
2026-08-22 10:04:00,0.106
2026-08-22 10:05:00,0.11
2026-08-22 10:06:00,0.062
2026-08-22 10:07:00,0.074
2026-08-22 10:08:00,0.052
2026-08-22 10:09:00,0.087
2026-08-22 10:10:00,0.052
2026-08-22 10:11:00,0.044
2026-08-22 10:12:00,0.069
2026-08-22 10:13:00,0.054
2026-08-22 10:14:00,0.113
2026-08-22 10:15:00,0.085
2026-08-22 10:16:00,0.044
2026-08-22 10:17:00,0.112
2026-08-22 10:18:00,0.12
2026-08-22 10:19:00,0.111
2026-08-22 10:20:00,0.043
2026-08-22 10:21:00,0.069
2026-08-22 10:22:00,0.06
2026-08-22 10:23:00,0.061
2026-08-22 10:24:00,0.063
2026-08-22 10:25:00,0.117
2026-08-22 10:26:00,0.067
2026-08-22 10:27:00,0.092
2026-08-22 10:28:00,0.045
2026-08-22 10:29:00,0.074
2026-08-22 10:30:00,0.058
2026-08-22 10:31:00,0.073
2026-08-22 10:32:00,0.081
2026-08-22 10:33:00,0.118
2026-08-22 10:34:00,0.066
2026-08-22 10:35:00,0.043
2026-08-22 10:36:00,0.042
2026-08-22 10:37:00,0.081
2026-08-22 10:38:00,0.093
2026-08-22 10:39:00,0.077
2026-08-22 10:40:00,0.041
2026-08-22 10:41:00,0.115
2026-08-22 10:42:00,0.044
2026-08-22 10:43:00,0.04
2026-08-22 10:44:00,0.048
2026-08-22 10:45:00,0.058
2026-08-22 10:46:00,0.108
2026-08-22 10:47:00,0.118
2026-08-22 10:48:00,0.094
2026-08-22 10:49:00,0.051
2026-08-22 10:50:00,0.056
2026-08-22 10:51:00,0.098
2026-08-22 10:52:00,0.071
2026-08-22 10:53:00,0.093
2026-08-22 10:54:00,0.089
2026-08-22 10:55:00,0.073
2026-08-22 10:56:00,0.049
2026-08-22 10:57:00,0.069
2026-08-22 10:58:00,0.056
2026-08-22 10:59:00,0.11
2026-08-22 11:00:00,0.063
2026-08-22 11:01:00,0.072
2026-08-22 11:02:00,0.049
2026-08-22 11:03:00,0.07
2026-08-22 11:04:00,0.106
2026-08-22 11:05:00,0.115
2026-08-22 11:06:00,0.114
2026-08-22 11:07:00,0.054
2026-08-22 11:08:00,0.114
2026-08-22 11:09:00,0.048
2026-08-22 11:10:00,0.041
2026-08-22 11:11:00,0.044
2026-08-22 11:12:00,0.074
2026-08-22 11:13:00,0.091
2026-08-22 11:14:00,0.045
2026-08-22 11:15:00,0.065
2026-08-22 11:16:00,0.093
2026-08-22 11:17:00,0.051
2026-08-22 11:18:00,0.074
2026-08-22 11:19:00,0.119
2026-08-22 11:20:00,0.111
2026-08-22 11:21:00,0.067
2026-08-22 11:22:00,0.114
2026-08-22 11:23:00,0.047
2026-08-22 11:24:00,0.093
2026-08-22 11:25:00,0.108
2026-08-22 11:26:00,0.056
2026-08-22 11:27:00,0.058
2026-08-22 11:28:00,0.114
2026-08-22 11:29:00,0.08
2026-08-22 11:30:00,0.11
2026-08-22 11:31:00,0.117
2026-08-22 11:32:00,0.082
2026-08-22 11:33:00,0.103
2026-08-22 11:34:00,0.115
2026-08-22 11:35:00,0.096
2026-08-22 11:36:00,0.074
2026-08-22 11:37:00,0.082
2026-08-22 11:38:00,0.066
2026-08-22 11:39:00,0.111
2026-08-22 11:40:00,0.117
2026-08-22 11:41:00,0.084
2026-08-22 11:42:00,0.079
2026-08-22 11:43:00,0.118
2026-08-22 11:44:00,0.106
2026-08-22 11:45:00,0.106
2026-08-22 11:46:00,0.065
2026-08-22 11:47:00,0.072
2026-08-22 11:48:00,0.084
2026-08-22 11:49:00,0.094
2026-08-22 11:50:00,0.042
2026-08-22 11:51:00,0.064
2026-08-22 11:52:00,0.101
2026-08-22 11:53:00,0.103
2026-08-22 11:54:00,0.085
2026-08-22 11:55:00,0.048
2026-08-22 11:56:00,0.085
2026-08-22 11:57:00,0.054
2026-08-22 11:58:00,0.098
2026-08-22 11:59:00,0.112
2026-08-22 12:00:00,0.086
2026-08-22 12:01:00,0.078
2026-08-22 12:02:00,0.054
2026-08-22 12:03:00,0.071
2026-08-22 12:04:00,0.104
2026-08-22 12:05:00,0.116
2026-08-22 12:06:00,0.113
2026-08-22 12:07:00,0.099
2026-08-22 12:08:00,0.042
2026-08-22 12:09:00,0.06
2026-08-22 12:10:00,0.111
2026-08-22 12:11:00,0.088
2026-08-22 12:12:00,0.089
2026-08-22 12:13:00,0.117
2026-08-22 12:14:00,0.11
2026-08-22 12:15:00,0.072
2026-08-22 12:16:00,0.117
2026-08-22 12:17:00,0.046
2026-08-22 12:18:00,0.107
2026-08-22 12:19:00,0.062
2026-08-22 12:20:00,0.104
2026-08-22 12:21:00,0.066
2026-08-22 12:22:00,0.055
2026-08-22 12:23:00,0.076
2026-08-22 12:24:00,0.054
2026-08-22 12:25:00,0.1
2026-08-22 12:26:00,0.116
2026-08-22 12:27:00,0.118
2026-08-22 12:28:00,0.103
2026-08-22 12:29:00,0.048
2026-08-22 12:30:00,0.085
2026-08-22 12:31:00,0.041
2026-08-22 12:32:00,0.053
2026-08-22 12:33:00,0.109
2026-08-22 12:34:00,0.108
2026-08-22 12:35:00,0.057
2026-08-22 12:36:00,0.091
2026-08-22 12:37:00,0.116
2026-08-22 12:38:00,0.071
2026-08-22 12:39:00,0.095
2026-08-22 12:40:00,0.049
2026-08-22 12:41:00,0.089
2026-08-22 12:42:00,0.068
2026-08-22 12:43:00,0.104
2026-08-22 12:44:00,0.066
2026-08-22 12:45:00,0.091
2026-08-22 12:46:00,0.091
2026-08-22 12:47:00,0.101
2026-08-22 12:48:00,0.105
2026-08-22 12:49:00,0.075
2026-08-22 12:50:00,0.082
2026-08-22 12:51:00,0.082
2026-08-22 12:52:00,0.116
2026-08-22 12:53:00,0.059
2026-08-22 12:54:00,0.085
2026-08-22 12:55:00,0.104
2026-08-22 12:56:00,0.098
2026-08-22 12:57:00,0.076
2026-08-22 12:58:00,0.061
2026-08-22 12:59:00,0.04
2026-08-22 13:00:00,0.046
2026-08-22 13:01:00,0.061
2026-08-22 13:02:00,0.099
2026-08-22 13:03:00,0.074
2026-08-22 13:04:00,0.045
2026-08-22 13:05:00,0.093
2026-08-22 13:06:00,0.079
2026-08-22 13:07:00,0.042
2026-08-22 13:08:00,0.046
2026-08-22 13:09:00,0.087
2026-08-22 13:10:00,0.107
2026-08-22 13:11:00,0.086
2026-08-22 13:12:00,0.116
2026-08-22 13:13:00,0.043
2026-08-22 13:14:00,0.111
2026-08-22 13:15:00,0.048
2026-08-22 13:16:00,0.087
2026-08-22 13:17:00,0.048
2026-08-22 13:18:00,0.108
2026-08-22 13:19:00,0.11
2026-08-22 13:20:00,0.091
2026-08-22 13:21:00,0.071
2026-08-22 13:22:00,0.056
2026-08-22 13:23:00,0.065
2026-08-22 13:24:00,0.043
2026-08-22 13:25:00,0.064
2026-08-22 13:26:00,0.117
2026-08-22 13:27:00,0.083
2026-08-22 13:28:00,0.105
2026-08-22 13:29:00,0.044
2026-08-22 13:30:00,0.048
2026-08-22 13:31:00,0.085
2026-08-22 13:32:00,0.054
2026-08-22 13:33:00,0.084
2026-08-22 13:34:00,0.112
2026-08-22 13:35:00,0.069
2026-08-22 13:36:00,0.112
2026-08-22 13:37:00,0.067
2026-08-22 13:38:00,0.087
2026-08-22 13:39:00,0.045
2026-08-22 13:40:00,0.094
2026-08-22 13:41:00,0.065
2026-08-22 13:42:00,0.112
2026-08-22 13:43:00,0.06
2026-08-22 13:44:00,0.083
2026-08-22 13:45:00,0.114
2026-08-22 13:46:00,0.04
2026-08-22 13:47:00,0.051
2026-08-22 13:48:00,0.114
2026-08-22 13:49:00,0.045
2026-08-22 13:50:00,0.06
2026-08-22 13:51:00,0.108
2026-08-22 13:52:00,0.116
2026-08-22 13:53:00,0.11
2026-08-22 13:54:00,0.085
2026-08-22 13:55:00,0.07
2026-08-22 13:56:00,0.092
2026-08-22 13:57:00,0.046
2026-08-22 13:58:00,0.067
2026-08-22 13:59:00,0.093
2026-08-22 14:00:00,0.085
2026-08-22 14:01:00,0.093
2026-08-22 14:02:00,0.076
2026-08-22 14:03:00,0.048
2026-08-22 14:04:00,0.107
2026-08-22 14:05:00,0.041
2026-08-22 14:06:00,0.067
2026-08-22 14:07:00,0.068
2026-08-22 14:08:00,0.088
2026-08-22 14:09:00,0.106
2026-08-22 14:10:00,0.085
2026-08-22 14:11:00,0.047
2026-08-22 14:12:00,0.082
2026-08-22 14:13:00,0.065
2026-08-22 14:14:00,0.067
2026-08-22 14:15:00,0.072
2026-08-22 14:16:00,0.093
2026-08-22 14:17:00,0.089
2026-08-22 14:18:00,0.092
2026-08-22 14:19:00,0.092
2026-08-22 14:20:00,0.106
2026-08-22 14:21:00,0.075
2026-08-22 14:22:00,0.055
2026-08-22 14:23:00,0.052
2026-08-22 14:24:00,0.082
2026-08-22 14:25:00,0.064
2026-08-22 14:26:00,0.055
2026-08-22 14:27:00,0.043
2026-08-22 14:28:00,0.109
2026-08-22 14:29:00,0.109
2026-08-22 14:30:00,0.103
2026-08-22 14:31:00,0.044
2026-08-22 14:32:00,0.113
2026-08-22 14:33:00,0.068
2026-08-22 14:34:00,0.095
2026-08-22 14:35:00,0.051
2026-08-22 14:36:00,0.107
2026-08-22 14:37:00,0.114
2026-08-22 14:38:00,0.119
2026-08-22 14:39:00,0.059
2026-08-22 14:40:00,0.064
2026-08-22 14:41:00,0.079
2026-08-22 14:42:00,0.094
2026-08-22 14:43:00,0.076
2026-08-22 14:44:00,0.057
2026-08-22 14:45:00,0.078
2026-08-22 14:46:00,0.045
2026-08-22 14:47:00,0.082
2026-08-22 14:48:00,0.109
2026-08-22 14:49:00,0.073
2026-08-22 14:50:00,0.051
2026-08-22 14:51:00,0.076
2026-08-22 14:52:00,0.108
2026-08-22 14:53:00,0.068
2026-08-22 14:54:00,0.094
2026-08-22 14:55:00,0.083
2026-08-22 14:56:00,0.075
2026-08-22 14:57:00,0.08
2026-08-22 14:58:00,0.084
2026-08-22 14:59:00,0.056
2026-08-22 15:00:00,0.061
2026-08-22 15:01:00,0.091
2026-08-22 15:02:00,0.082
2026-08-22 15:03:00,0.068
2026-08-22 15:04:00,0.082
2026-08-22 15:05:00,0.053
2026-08-22 15:06:00,0.085
2026-08-22 15:07:00,0.063
2026-08-22 15:08:00,0.118
2026-08-22 15:09:00,0.101
2026-08-22 15:10:00,0.076
2026-08-22 15:11:00,0.059
2026-08-22 15:12:00,0.076
2026-08-22 15:13:00,0.052
2026-08-22 15:14:00,0.049
2026-08-22 15:15:00,0.049
2026-08-22 15:16:00,0.107
2026-08-22 15:17:00,0.071
2026-08-22 15:18:00,0.05
2026-08-22 15:19:00,0.117
2026-08-22 15:20:00,0.077
2026-08-22 15:21:00,0.086
2026-08-22 15:22:00,0.053
2026-08-22 15:23:00,0.076
2026-08-22 15:24:00,0.082
2026-08-22 15:25:00,0.05
2026-08-22 15:26:00,0.07
2026-08-22 15:27:00,0.05
2026-08-22 15:28:00,0.118
2026-08-22 15:29:00,0.103
2026-08-22 15:30:00,0.043
2026-08-22 15:31:00,0.066
2026-08-22 15:32:00,0.119
2026-08-22 15:33:00,0.047
2026-08-22 15:34:00,0.115
2026-08-22 15:35:00,0.045
2026-08-22 15:36:00,0.109
2026-08-22 15:37:00,0.045
2026-08-22 15:38:00,0.059
2026-08-22 15:39:00,0.057
2026-08-22 15:40:00,0.044
2026-08-22 15:41:00,0.055
2026-08-22 15:42:00,0.113
2026-08-22 15:43:00,0.11
2026-08-22 15:44:00,0.101
2026-08-22 15:45:00,0.047
2026-08-22 15:46:00,0.114
2026-08-22 15:47:00,0.085
2026-08-22 15:48:00,0.042
2026-08-22 15:49:00,0.066
2026-08-22 15:50:00,0.098
2026-08-22 15:51:00,0.111
2026-08-22 15:52:00,0.084
2026-08-22 15:53:00,0.063
2026-08-22 15:54:00,0.107
2026-08-22 15:55:00,0.088
2026-08-22 15:56:00,0.074
2026-08-22 15:57:00,0.063
2026-08-22 15:58:00,0.084
2026-08-22 15:59:00,0.068
2026-08-22 16:00:00,0.1
2026-08-22 16:01:00,0.113
2026-08-22 16:02:00,0.111
2026-08-22 16:03:00,0.077
2026-08-22 16:04:00,0.092
2026-08-22 16:05:00,0.088
2026-08-22 16:06:00,0.081
2026-08-22 16:07:00,0.082
2026-08-22 16:08:00,0.049
2026-08-22 16:09:00,0.118
2026-08-22 16:10:00,0.061
2026-08-22 16:11:00,0.095
2026-08-22 16:12:00,0.111
2026-08-22 16:13:00,0.048
2026-08-22 16:14:00,0.061
2026-08-22 16:15:00,0.118
2026-08-22 16:16:00,0.054
2026-08-22 16:17:00,0.044
2026-08-22 16:18:00,0.046
2026-08-22 16:19:00,0.112
2026-08-22 16:20:00,0.114
2026-08-22 16:21:00,0.062
2026-08-22 16:22:00,0.054
2026-08-22 16:23:00,0.062
2026-08-22 16:24:00,0.115
2026-08-22 16:25:00,0.098
2026-08-22 16:26:00,0.092
2026-08-22 16:27:00,0.116
2026-08-22 16:28:00,0.05
2026-08-22 16:29:00,0.085
2026-08-22 16:30:00,0.052
2026-08-22 16:31:00,0.118
2026-08-22 16:32:00,0.087
2026-08-22 16:33:00,0.047
2026-08-22 16:34:00,0.061
2026-08-22 16:35:00,0.062
2026-08-22 16:36:00,0.073
2026-08-22 16:37:00,0.062
2026-08-22 16:38:00,0.114
2026-08-22 16:39:00,0.112
2026-08-22 16:40:00,0.062
2026-08-22 16:41:00,0.104
2026-08-22 16:42:00,0.084
2026-08-22 16:43:00,0.084
2026-08-22 16:44:00,0.066
2026-08-22 16:45:00,0.086
2026-08-22 16:46:00,0.118
2026-08-22 16:47:00,0.098
2026-08-22 16:48:00,0.115
2026-08-22 16:49:00,0.056
2026-08-22 16:50:00,0.072
2026-08-22 16:51:00,0.105
2026-08-22 16:52:00,0.055
2026-08-22 16:53:00,0.117
2026-08-22 16:54:00,0.116
2026-08-22 16:55:00,0.117
2026-08-22 16:56:00,0.061
2026-08-22 16:57:00,0.119
2026-08-22 16:58:00,0.078
2026-08-22 16:59:00,0.092
2026-08-22 17:00:00,0.058
2026-08-22 17:01:00,0.111
2026-08-22 17:02:00,0.098
2026-08-22 17:03:00,0.046
2026-08-22 17:04:00,0.089
2026-08-22 17:05:00,0.117
2026-08-22 17:06:00,0.056
2026-08-22 17:07:00,0.115
2026-08-22 17:08:00,0.114
2026-08-22 17:09:00,0.113
2026-08-22 17:10:00,0.116
2026-08-22 17:11:00,0.052
2026-08-22 17:12:00,0.046
2026-08-22 17:13:00,0.07
2026-08-22 17:14:00,0.076
2026-08-22 17:15:00,0.098
2026-08-22 17:16:00,0.057
2026-08-22 17:17:00,0.11
2026-08-22 17:18:00,0.056
2026-08-22 17:19:00,0.091
2026-08-22 17:20:00,0.083
2026-08-22 17:21:00,0.055
2026-08-22 17:22:00,0.092
2026-08-22 17:23:00,0.082
2026-08-22 17:24:00,0.117
2026-08-22 17:25:00,0.101
2026-08-22 17:26:00,0.094
2026-08-22 17:27:00,0.087
2026-08-22 17:28:00,0.111
2026-08-22 17:29:00,0.052
2026-08-22 17:30:00,0.087
2026-08-22 17:31:00,0.111
2026-08-22 17:32:00,0.068
2026-08-22 17:33:00,0.071
2026-08-22 17:34:00,0.081
2026-08-22 17:35:00,0.047
2026-08-22 17:36:00,0.056
2026-08-22 17:37:00,0.094
2026-08-22 17:38:00,0.09
2026-08-22 17:39:00,0.06
2026-08-22 17:40:00,0.069
2026-08-22 17:41:00,0.12
2026-08-22 17:42:00,0.083
2026-08-22 17:43:00,0.049
2026-08-22 17:44:00,0.042
2026-08-22 17:45:00,0.078
2026-08-22 17:46:00,0.092
2026-08-22 17:47:00,0.055
2026-08-22 17:48:00,0.074
2026-08-22 17:49:00,0.082
2026-08-22 17:50:00,0.097
2026-08-22 17:51:00,0.083
2026-08-22 17:52:00,0.099
2026-08-22 17:53:00,0.048
2026-08-22 17:54:00,0.075
2026-08-22 17:55:00,0.11
2026-08-22 17:56:00,0.117
2026-08-22 17:57:00,0.102
2026-08-22 17:58:00,0.048
2026-08-22 17:59:00,0.091
2026-08-22 18:00:00,0.117
2026-08-22 18:01:00,0.058
2026-08-22 18:02:00,0.091
2026-08-22 18:03:00,0.115
2026-08-22 18:04:00,0.048
2026-08-22 18:05:00,0.074
2026-08-22 18:06:00,0.067
2026-08-22 18:07:00,0.101
2026-08-22 18:08:00,0.12
2026-08-22 18:09:00,0.102
2026-08-22 18:10:00,0.07
2026-08-22 18:11:00,0.086
2026-08-22 18:12:00,0.075
2026-08-22 18:13:00,0.099
2026-08-22 18:14:00,0.099
2026-08-22 18:15:00,0.073
2026-08-22 18:16:00,0.073
2026-08-22 18:17:00,0.108
2026-08-22 18:18:00,0.063
2026-08-22 18:19:00,0.042
2026-08-22 18:20:00,0.108
2026-08-22 18:21:00,0.054
2026-08-22 18:22:00,0.116
2026-08-22 18:23:00,0.087
2026-08-22 18:24:00,0.086
2026-08-22 18:25:00,0.079
2026-08-22 18:26:00,0.063
2026-08-22 18:27:00,0.061
2026-08-22 18:28:00,0.07
2026-08-22 18:29:00,0.105
2026-08-22 18:30:00,0.049
2026-08-22 18:31:00,0.072
2026-08-22 18:32:00,0.071
2026-08-22 18:33:00,0.055
2026-08-22 18:34:00,0.096
2026-08-22 18:35:00,0.055
2026-08-22 18:36:00,0.051
2026-08-22 18:37:00,0.083
2026-08-22 18:38:00,0.096
2026-08-22 18:39:00,0.052
2026-08-22 18:40:00,0.113
2026-08-22 18:41:00,0.063
2026-08-22 18:42:00,0.051
2026-08-22 18:43:00,0.11
2026-08-22 18:44:00,0.067
2026-08-22 18:45:00,0.044
2026-08-22 18:46:00,0.103
2026-08-22 18:47:00,0.082
2026-08-22 18:48:00,0.061
2026-08-22 18:49:00,0.057
2026-08-22 18:50:00,0.108
2026-08-22 18:51:00,0.07
2026-08-22 18:52:00,0.071
2026-08-22 18:53:00,0.101
2026-08-22 18:54:00,0.116
2026-08-22 18:55:00,0.061
2026-08-22 18:56:00,0.067
2026-08-22 18:57:00,0.068
2026-08-22 18:58:00,0.088
2026-08-22 18:59:00,0.095
2026-08-22 19:00:00,0.114
2026-08-22 19:01:00,0.071
2026-08-22 19:02:00,0.1
2026-08-22 19:03:00,0.043
2026-08-22 19:04:00,0.106
2026-08-22 19:05:00,0.115
2026-08-22 19:06:00,0.056
2026-08-22 19:07:00,0.044
2026-08-22 19:08:00,0.048
2026-08-22 19:09:00,0.076
2026-08-22 19:10:00,0.099
2026-08-22 19:11:00,0.094
2026-08-22 19:12:00,0.05
2026-08-22 19:13:00,0.096
2026-08-22 19:14:00,0.083
2026-08-22 19:15:00,0.092
2026-08-22 19:16:00,0.104
2026-08-22 19:17:00,0.082
2026-08-22 19:18:00,0.042
2026-08-22 19:19:00,0.101
2026-08-22 19:20:00,0.07
2026-08-22 19:21:00,0.055
2026-08-22 19:22:00,0.057
2026-08-22 19:23:00,0.079
2026-08-22 19:24:00,0.115
2026-08-22 19:25:00,0.068
2026-08-22 19:26:00,0.074
2026-08-22 19:27:00,0.072
2026-08-22 19:28:00,0.086
2026-08-22 19:29:00,0.05
2026-08-22 19:30:00,0.094
2026-08-22 19:31:00,0.095
2026-08-22 19:32:00,0.107
2026-08-22 19:33:00,0.096
2026-08-22 19:34:00,0.055
2026-08-22 19:35:00,0.078
2026-08-22 19:36:00,0.098
2026-08-22 19:37:00,0.071
2026-08-22 19:38:00,0.118
2026-08-22 19:39:00,0.046
2026-08-22 19:40:00,0.095
2026-08-22 19:41:00,0.051
2026-08-22 19:42:00,0.058
2026-08-22 19:43:00,0.045
2026-08-22 19:44:00,0.045
2026-08-22 19:45:00,0.113
2026-08-22 19:46:00,0.045
2026-08-22 19:47:00,0.041
2026-08-22 19:48:00,0.046
2026-08-22 19:49:00,0.079
2026-08-22 19:50:00,0.117
2026-08-22 19:51:00,0.058
2026-08-22 19:52:00,0.067
2026-08-22 19:53:00,0.072
2026-08-22 19:54:00,0.094
2026-08-22 19:55:00,0.092
2026-08-22 19:56:00,0.076
2026-08-22 19:57:00,0.06
2026-08-22 19:58:00,0.099
2026-08-22 19:59:00,0.051
2026-08-22 20:00:00,0.05
2026-08-22 20:01:00,0.098
2026-08-22 20:02:00,0.096
2026-08-22 20:03:00,0.073
2026-08-22 20:04:00,0.109
2026-08-22 20:05:00,0.093
2026-08-22 20:06:00,0.099
2026-08-22 20:07:00,0.083
2026-08-22 20:08:00,0.064
2026-08-22 20:09:00,0.067
2026-08-22 20:10:00,0.059
2026-08-22 20:11:00,0.106
2026-08-22 20:12:00,0.087
2026-08-22 20:13:00,0.098
2026-08-22 20:14:00,0.085
2026-08-22 20:15:00,0.069
2026-08-22 20:16:00,0.076
2026-08-22 20:17:00,0.067
2026-08-22 20:18:00,0.047
2026-08-22 20:19:00,0.09
2026-08-22 20:20:00,0.111
2026-08-22 20:21:00,0.117
2026-08-22 20:22:00,0.057
2026-08-22 20:23:00,0.11
2026-08-22 20:24:00,0.077
2026-08-22 20:25:00,0.071
2026-08-22 20:26:00,0.111
2026-08-22 20:27:00,0.061
2026-08-22 20:28:00,0.109
2026-08-22 20:29:00,0.118
2026-08-22 20:30:00,0.107
2026-08-22 20:31:00,0.116
2026-08-22 20:32:00,0.045
2026-08-22 20:33:00,0.08
2026-08-22 20:34:00,0.101
2026-08-22 20:35:00,0.087
2026-08-22 20:36:00,0.061
2026-08-22 20:37:00,0.112
2026-08-22 20:38:00,0.109
2026-08-22 20:39:00,0.106
2026-08-22 20:40:00,0.079
2026-08-22 20:41:00,0.087
2026-08-22 20:42:00,0.09
2026-08-22 20:43:00,0.12
2026-08-22 20:44:00,0.078
2026-08-22 20:45:00,0.088
2026-08-22 20:46:00,0.104
2026-08-22 20:47:00,0.118
2026-08-22 20:48:00,0.061
2026-08-22 20:49:00,0.102
2026-08-22 20:50:00,0.112
2026-08-22 20:51:00,0.101
2026-08-22 20:52:00,0.083
2026-08-22 20:53:00,0.091
2026-08-22 20:54:00,0.086
2026-08-22 20:55:00,0.08
2026-08-22 20:56:00,0.11
2026-08-22 20:57:00,0.094
2026-08-22 20:58:00,0.113
2026-08-22 20:59:00,0.102
2026-08-22 21:00:00,0.051
2026-08-22 21:01:00,0.057
2026-08-22 21:02:00,0.07
2026-08-22 21:03:00,0.091
2026-08-22 21:04:00,0.1
2026-08-22 21:05:00,0.062
2026-08-22 21:06:00,0.106
2026-08-22 21:07:00,0.08
2026-08-22 21:08:00,0.105
2026-08-22 21:09:00,0.099
2026-08-22 21:10:00,0.052
2026-08-22 21:11:00,0.103
2026-08-22 21:12:00,0.045
2026-08-22 21:13:00,0.109
2026-08-22 21:14:00,0.05
2026-08-22 21:15:00,0.067
2026-08-22 21:16:00,0.049
2026-08-22 21:17:00,0.063
2026-08-22 21:18:00,0.093
2026-08-22 21:19:00,0.089
2026-08-22 21:20:00,0.097
2026-08-22 21:21:00,0.083
2026-08-22 21:22:00,0.092
2026-08-22 21:23:00,0.061
2026-08-22 21:24:00,0.104
2026-08-22 21:25:00,0.117
2026-08-22 21:26:00,0.116
2026-08-22 21:27:00,0.096
2026-08-22 21:28:00,0.075
2026-08-22 21:29:00,0.097
2026-08-22 21:30:00,0.056
2026-08-22 21:31:00,0.099
2026-08-22 21:32:00,0.061
2026-08-22 21:33:00,0.112
2026-08-22 21:34:00,0.087
2026-08-22 21:35:00,0.067
2026-08-22 21:36:00,0.106
2026-08-22 21:37:00,0.065
2026-08-22 21:38:00,0.1
2026-08-22 21:39:00,0.041
2026-08-22 21:40:00,0.106
2026-08-22 21:41:00,0.054
2026-08-22 21:42:00,0.068
2026-08-22 21:43:00,0.095
2026-08-22 21:44:00,0.079
2026-08-22 21:45:00,0.109
2026-08-22 21:46:00,0.051
2026-08-22 21:47:00,0.094
2026-08-22 21:48:00,0.056
2026-08-22 21:49:00,0.086
2026-08-22 21:50:00,0.076
2026-08-22 21:51:00,0.065
2026-08-22 21:52:00,0.066
2026-08-22 21:53:00,0.069
2026-08-22 21:54:00,0.072
2026-08-22 21:55:00,0.081
2026-08-22 21:56:00,0.118
2026-08-22 21:57:00,0.044
2026-08-22 21:58:00,0.072
2026-08-22 21:59:00,0.114
2026-08-22 22:00:00,0.102
2026-08-22 22:01:00,0.114
2026-08-22 22:02:00,0.088
2026-08-22 22:03:00,0.102
2026-08-22 22:04:00,0.058
2026-08-22 22:05:00,0.049
2026-08-22 22:06:00,0.073
2026-08-22 22:07:00,0.079
2026-08-22 22:08:00,0.052
2026-08-22 22:09:00,0.065
2026-08-22 22:10:00,0.063
2026-08-22 22:11:00,0.088
2026-08-22 22:12:00,0.048
2026-08-22 22:13:00,0.117
2026-08-22 22:14:00,0.067
2026-08-22 22:15:00,0.092
2026-08-22 22:16:00,0.044
2026-08-22 22:17:00,0.058
2026-08-22 22:18:00,0.077
2026-08-22 22:19:00,0.114
2026-08-22 22:20:00,0.081
2026-08-22 22:21:00,0.073
2026-08-22 22:22:00,0.053
2026-08-22 22:23:00,0.077
2026-08-22 22:24:00,0.11
2026-08-22 22:25:00,0.074
2026-08-22 22:26:00,0.048
2026-08-22 22:27:00,0.082
2026-08-22 22:28:00,0.111
2026-08-22 22:29:00,0.099
2026-08-22 22:30:00,0.051
2026-08-22 22:31:00,0.075
2026-08-22 22:32:00,0.063
2026-08-22 22:33:00,0.094
2026-08-22 22:34:00,0.068
2026-08-22 22:35:00,0.086
2026-08-22 22:36:00,0.044
2026-08-22 22:37:00,0.056
2026-08-22 22:38:00,0.07
2026-08-22 22:39:00,0.111
2026-08-22 22:40:00,0.111
2026-08-22 22:41:00,0.076
2026-08-22 22:42:00,0.047
2026-08-22 22:43:00,0.062
2026-08-22 22:44:00,0.117
2026-08-22 22:45:00,0.081
2026-08-22 22:46:00,0.049
2026-08-22 22:47:00,0.086
2026-08-22 22:48:00,0.102
2026-08-22 22:49:00,0.083
2026-08-22 22:50:00,0.06
2026-08-22 22:51:00,0.045
2026-08-22 22:52:00,0.104
2026-08-22 22:53:00,0.117
2026-08-22 22:54:00,0.072
2026-08-22 22:55:00,0.099
2026-08-22 22:56:00,0.07
2026-08-22 22:57:00,0.071
2026-08-22 22:58:00,0.087
2026-08-22 22:59:00,0.109
2026-08-22 23:00:00,0.11
2026-08-22 23:01:00,0.083
2026-08-22 23:02:00,0.078
2026-08-22 23:03:00,0.066
2026-08-22 23:04:00,0.052
2026-08-22 23:05:00,0.063
2026-08-22 23:06:00,0.044
2026-08-22 23:07:00,0.113
2026-08-22 23:08:00,0.099
2026-08-22 23:09:00,0.094
2026-08-22 23:10:00,0.094
2026-08-22 23:11:00,0.092
2026-08-22 23:12:00,0.076
2026-08-22 23:13:00,0.068
2026-08-22 23:14:00,0.093
2026-08-22 23:15:00,0.093
2026-08-22 23:16:00,0.06
2026-08-22 23:17:00,0.117
2026-08-22 23:18:00,0.109
2026-08-22 23:19:00,0.06
2026-08-22 23:20:00,0.077
2026-08-22 23:21:00,0.069
2026-08-22 23:22:00,0.047
2026-08-22 23:23:00,0.053
2026-08-22 23:24:00,0.109
2026-08-22 23:25:00,0.09
2026-08-22 23:26:00,0.074
2026-08-22 23:27:00,0.055
2026-08-22 23:28:00,0.052
2026-08-22 23:29:00,0.068
2026-08-22 23:30:00,0.087
2026-08-22 23:31:00,0.094
2026-08-22 23:32:00,0.103
2026-08-22 23:33:00,0.096
2026-08-22 23:34:00,0.113
2026-08-22 23:35:00,0.082
2026-08-22 23:36:00,0.062
2026-08-22 23:37:00,0.043
2026-08-22 23:38:00,0.098
2026-08-22 23:39:00,0.092
2026-08-22 23:40:00,0.067
2026-08-22 23:41:00,0.06
2026-08-22 23:42:00,0.05
2026-08-22 23:43:00,0.057
2026-08-22 23:44:00,0.083
2026-08-22 23:45:00,0.048
2026-08-22 23:46:00,0.076
2026-08-22 23:47:00,0.114
2026-08-22 23:48:00,0.067
2026-08-22 23:49:00,0.053
2026-08-22 23:50:00,0.109
2026-08-22 23:51:00,0.06
2026-08-22 23:52:00,0.094
2026-08-22 23:53:00,0.055
2026-08-22 23:54:00,0.114
2026-08-22 23:55:00,0.069
2026-08-22 23:56:00,0.08
2026-08-22 23:57:00,0.115
2026-08-22 23:58:00,0.051
2026-08-22 23:59:00,0.052
2026-08-23 00:00:00,0.09
2026-08-23 00:01:00,0.046
2026-08-23 00:02:00,0.057
2026-08-23 00:03:00,0.098
2026-08-23 00:04:00,0.081
2026-08-23 00:05:00,0.046
2026-08-23 00:06:00,0.105
2026-08-23 00:07:00,0.097
2026-08-23 00:08:00,0.099
2026-08-23 00:09:00,0.047
2026-08-23 00:10:00,0.118
2026-08-23 00:11:00,0.059
2026-08-23 00:12:00,0.076
2026-08-23 00:13:00,0.092
2026-08-23 00:14:00,0.085
2026-08-23 00:15:00,0.046
2026-08-23 00:16:00,0.041
2026-08-23 00:17:00,0.082
2026-08-23 00:18:00,0.061
2026-08-23 00:19:00,0.065
2026-08-23 00:20:00,0.064
2026-08-23 00:21:00,0.115
2026-08-23 00:22:00,0.064
2026-08-23 00:23:00,0.042
2026-08-23 00:24:00,0.082
2026-08-23 00:25:00,0.081
2026-08-23 00:26:00,0.113
2026-08-23 00:27:00,0.076
2026-08-23 00:28:00,0.049
2026-08-23 00:29:00,0.045
2026-08-23 00:30:00,0.083
2026-08-23 00:31:00,0.064
2026-08-23 00:32:00,0.092
2026-08-23 00:33:00,0.07
2026-08-23 00:34:00,0.101
2026-08-23 00:35:00,0.064
2026-08-23 00:36:00,0.043
2026-08-23 00:37:00,0.12
2026-08-23 00:38:00,0.066
2026-08-23 00:39:00,0.058
2026-08-23 00:40:00,0.077
2026-08-23 00:41:00,0.088
2026-08-23 00:42:00,0.099
2026-08-23 00:43:00,0.115
2026-08-23 00:44:00,0.089
2026-08-23 00:45:00,0.062
2026-08-23 00:46:00,0.079
2026-08-23 00:47:00,0.05
2026-08-23 00:48:00,0.077
2026-08-23 00:49:00,0.117
2026-08-23 00:50:00,0.092
2026-08-23 00:51:00,0.108
2026-08-23 00:52:00,0.071
2026-08-23 00:53:00,0.109
2026-08-23 00:54:00,0.086
2026-08-23 00:55:00,0.054
2026-08-23 00:56:00,0.084
2026-08-23 00:57:00,0.087
2026-08-23 00:58:00,0.108
2026-08-23 00:59:00,0.063
2026-08-23 01:00:00,0.105
2026-08-23 01:01:00,0.048
2026-08-23 01:02:00,0.097
2026-08-23 01:03:00,0.116
2026-08-23 01:04:00,0.072
2026-08-23 01:05:00,0.055
2026-08-23 01:06:00,0.097
2026-08-23 01:07:00,0.068
2026-08-23 01:08:00,0.078
2026-08-23 01:09:00,0.088
2026-08-23 01:10:00,0.054
2026-08-23 01:11:00,0.077
2026-08-23 01:12:00,0.04
2026-08-23 01:13:00,0.063
2026-08-23 01:14:00,0.109
2026-08-23 01:15:00,0.086
2026-08-23 01:16:00,0.093
2026-08-23 01:17:00,0.069
2026-08-23 01:18:00,0.107
2026-08-23 01:19:00,0.098
2026-08-23 01:20:00,0.098
2026-08-23 01:21:00,0.086
2026-08-23 01:22:00,0.068
2026-08-23 01:23:00,0.041
2026-08-23 01:24:00,0.055
2026-08-23 01:25:00,0.102
2026-08-23 01:26:00,0.075
2026-08-23 01:27:00,0.04
2026-08-23 01:28:00,0.078
2026-08-23 01:29:00,0.057
2026-08-23 01:30:00,0.076
2026-08-23 01:31:00,0.119
2026-08-23 01:32:00,0.085
2026-08-23 01:33:00,0.111
2026-08-23 01:34:00,0.087
2026-08-23 01:35:00,0.078
2026-08-23 01:36:00,0.066
2026-08-23 01:37:00,0.068
2026-08-23 01:38:00,0.075
2026-08-23 01:39:00,0.068
2026-08-23 01:40:00,0.079
2026-08-23 01:41:00,0.083
2026-08-23 01:42:00,0.097
2026-08-23 01:43:00,0.087
2026-08-23 01:44:00,0.073
2026-08-23 01:45:00,0.086
2026-08-23 01:46:00,0.049
2026-08-23 01:47:00,0.065
2026-08-23 01:48:00,0.091
2026-08-23 01:49:00,0.093
2026-08-23 01:50:00,0.093
2026-08-23 01:51:00,0.11
2026-08-23 01:52:00,0.044
2026-08-23 01:53:00,0.079
2026-08-23 01:54:00,0.048
2026-08-23 01:55:00,0.107
2026-08-23 01:56:00,0.101
2026-08-23 01:57:00,0.094
2026-08-23 01:58:00,0.058
2026-08-23 01:59:00,0.073
2026-08-23 02:00:00,0.069
2026-08-23 02:01:00,0.068
2026-08-23 02:02:00,0.043
2026-08-23 02:03:00,0.085
2026-08-23 02:04:00,0.047
2026-08-23 02:05:00,0.106
2026-08-23 02:06:00,0.076
2026-08-23 02:07:00,0.103
2026-08-23 02:08:00,0.118
2026-08-23 02:09:00,0.101
2026-08-23 02:10:00,0.083
2026-08-23 02:11:00,0.071
2026-08-23 02:12:00,0.046
2026-08-23 02:13:00,0.095
2026-08-23 02:14:00,0.103
2026-08-23 02:15:00,0.094
2026-08-23 02:16:00,0.062
2026-08-23 02:17:00,0.072
2026-08-23 02:18:00,0.113
2026-08-23 02:19:00,0.079
2026-08-23 02:20:00,0.076
2026-08-23 02:21:00,0.098
2026-08-23 02:22:00,0.116
2026-08-23 02:23:00,0.112
2026-08-23 02:24:00,0.102
2026-08-23 02:25:00,0.107
2026-08-23 02:26:00,0.107
2026-08-23 02:27:00,0.119
2026-08-23 02:28:00,0.083
2026-08-23 02:29:00,0.107
2026-08-23 02:30:00,0.098
2026-08-23 02:31:00,0.051
2026-08-23 02:32:00,0.109
2026-08-23 02:33:00,0.076
2026-08-23 02:34:00,0.095
2026-08-23 02:35:00,0.053
2026-08-23 02:36:00,0.116
2026-08-23 02:37:00,0.044
2026-08-23 02:38:00,0.081
2026-08-23 02:39:00,0.055
2026-08-23 02:40:00,0.117
2026-08-23 02:41:00,0.065
2026-08-23 02:42:00,0.104
2026-08-23 02:43:00,0.057
2026-08-23 02:44:00,0.086
2026-08-23 02:45:00,0.057
2026-08-23 02:46:00,0.092
2026-08-23 02:47:00,0.095
2026-08-23 02:48:00,0.106
2026-08-23 02:49:00,0.058
2026-08-23 02:50:00,0.075
2026-08-23 02:51:00,0.085
2026-08-23 02:52:00,0.105
2026-08-23 02:53:00,0.106
2026-08-23 02:54:00,0.093
2026-08-23 02:55:00,0.085
2026-08-23 02:56:00,0.062
2026-08-23 02:57:00,0.102
2026-08-23 02:58:00,0.097
2026-08-23 02:59:00,0.103
2026-08-23 03:00:00,0.06
2026-08-23 03:01:00,0.105
2026-08-23 03:02:00,0.057
2026-08-23 03:03:00,0.11
2026-08-23 03:04:00,0.058
2026-08-23 03:05:00,0.078
2026-08-23 03:06:00,0.052
2026-08-23 03:07:00,0.046
2026-08-23 03:08:00,0.083
2026-08-23 03:09:00,0.08
2026-08-23 03:10:00,0.115
2026-08-23 03:11:00,0.069
2026-08-23 03:12:00,0.117
2026-08-23 03:13:00,0.112
2026-08-23 03:14:00,0.058
2026-08-23 03:15:00,0.056
2026-08-23 03:16:00,0.089
2026-08-23 03:17:00,0.084
2026-08-23 03:18:00,0.042
2026-08-23 03:19:00,0.079
2026-08-23 03:20:00,0.104
2026-08-23 03:21:00,0.042
2026-08-23 03:22:00,0.084
2026-08-23 03:23:00,0.051
2026-08-23 03:24:00,0.061
2026-08-23 03:25:00,0.041
2026-08-23 03:26:00,0.094
2026-08-23 03:27:00,0.119
2026-08-23 03:28:00,0.044
2026-08-23 03:29:00,0.078
2026-08-23 03:30:00,0.046
2026-08-23 03:31:00,0.055
2026-08-23 03:32:00,0.117
2026-08-23 03:33:00,0.072
2026-08-23 03:34:00,0.07
2026-08-23 03:35:00,0.051
2026-08-23 03:36:00,0.06
2026-08-23 03:37:00,0.112
2026-08-23 03:38:00,0.112
2026-08-23 03:39:00,0.097
2026-08-23 03:40:00,0.044
2026-08-23 03:41:00,0.108
2026-08-23 03:42:00,0.109
2026-08-23 03:43:00,0.072
2026-08-23 03:44:00,0.099
2026-08-23 03:45:00,0.077
2026-08-23 03:46:00,0.12
2026-08-23 03:47:00,0.07
2026-08-23 03:48:00,0.056
2026-08-23 03:49:00,0.07
2026-08-23 03:50:00,0.047
2026-08-23 03:51:00,0.104
2026-08-23 03:52:00,0.085
2026-08-23 03:53:00,0.064
2026-08-23 03:54:00,0.104
2026-08-23 03:55:00,0.116
2026-08-23 03:56:00,0.056
2026-08-23 03:57:00,0.049
2026-08-23 03:58:00,0.109
2026-08-23 03:59:00,0.098
2026-08-23 04:00:00,0.092
2026-08-23 04:01:00,0.048
2026-08-23 04:02:00,0.078
2026-08-23 04:03:00,0.102
2026-08-23 04:04:00,0.047
2026-08-23 04:05:00,0.094
2026-08-23 04:06:00,0.068
2026-08-23 04:07:00,0.071
2026-08-23 04:08:00,0.067
2026-08-23 04:09:00,0.098
2026-08-23 04:10:00,0.046
2026-08-23 04:11:00,0.092
2026-08-23 04:12:00,0.083
2026-08-23 04:13:00,0.085
2026-08-23 04:14:00,0.068
2026-08-23 04:15:00,0.102
2026-08-23 04:16:00,0.053
2026-08-23 04:17:00,0.114
2026-08-23 04:18:00,0.083
2026-08-23 04:19:00,0.072
2026-08-23 04:20:00,0.09
2026-08-23 04:21:00,0.093
2026-08-23 04:22:00,0.078
2026-08-23 04:23:00,0.062
2026-08-23 04:24:00,0.044
2026-08-23 04:25:00,0.043
2026-08-23 04:26:00,0.077
2026-08-23 04:27:00,0.112
2026-08-23 04:28:00,0.104
2026-08-23 04:29:00,0.097
2026-08-23 04:30:00,0.042
2026-08-23 04:31:00,0.094
2026-08-23 04:32:00,0.097
2026-08-23 04:33:00,0.108
2026-08-23 04:34:00,0.092
2026-08-23 04:35:00,0.103
2026-08-23 04:36:00,0.066
2026-08-23 04:37:00,0.118
2026-08-23 04:38:00,0.101
2026-08-23 04:39:00,0.115
2026-08-23 04:40:00,0.075
2026-08-23 04:41:00,0.078
2026-08-23 04:42:00,0.084
2026-08-23 04:43:00,0.087
2026-08-23 04:44:00,0.109
2026-08-23 04:45:00,0.109
2026-08-23 04:46:00,0.077
2026-08-23 04:47:00,0.069
2026-08-23 04:48:00,0.051
2026-08-23 04:49:00,0.06
2026-08-23 04:50:00,0.076
2026-08-23 04:51:00,0.086
2026-08-23 04:52:00,0.082
2026-08-23 04:53:00,0.089
2026-08-23 04:54:00,0.062
2026-08-23 04:55:00,0.074
2026-08-23 04:56:00,0.1
2026-08-23 04:57:00,0.101
2026-08-23 04:58:00,0.08
2026-08-23 04:59:00,0.041
2026-08-23 05:00:00,0.049
2026-08-23 05:01:00,0.053
2026-08-23 05:02:00,0.114
2026-08-23 05:03:00,0.053
2026-08-23 05:04:00,0.116
2026-08-23 05:05:00,0.116
2026-08-23 05:06:00,0.086
2026-08-23 05:07:00,0.047
2026-08-23 05:08:00,0.098
2026-08-23 05:09:00,0.114
2026-08-23 05:10:00,0.094
2026-08-23 05:11:00,0.041
2026-08-23 05:12:00,0.049
2026-08-23 05:13:00,0.054
2026-08-23 05:14:00,0.113
2026-08-23 05:15:00,0.07
2026-08-23 05:16:00,0.098
2026-08-23 05:17:00,0.097
2026-08-23 05:18:00,0.053
2026-08-23 05:19:00,0.071
2026-08-23 05:20:00,0.094
2026-08-23 05:21:00,0.072
2026-08-23 05:22:00,0.082
2026-08-23 05:23:00,0.108
2026-08-23 05:24:00,0.11
2026-08-23 05:25:00,0.099
2026-08-23 05:26:00,0.041
2026-08-23 05:27:00,0.094
2026-08-23 05:28:00,0.101
2026-08-23 05:29:00,0.082
2026-08-23 05:30:00,0.087
2026-08-23 05:31:00,0.075
2026-08-23 05:32:00,0.119
2026-08-23 05:33:00,0.087
2026-08-23 05:34:00,0.061
2026-08-23 05:35:00,0.11
2026-08-23 05:36:00,0.052
2026-08-23 05:37:00,0.091
2026-08-23 05:38:00,0.073
2026-08-23 05:39:00,0.056
2026-08-23 05:40:00,0.096
2026-08-23 05:41:00,0.07
2026-08-23 05:42:00,0.087
2026-08-23 05:43:00,0.098
2026-08-23 05:44:00,0.078
2026-08-23 05:45:00,0.069
2026-08-23 05:46:00,0.073
2026-08-23 05:47:00,0.04
2026-08-23 05:48:00,0.091
2026-08-23 05:49:00,0.111
2026-08-23 05:50:00,0.072
2026-08-23 05:51:00,0.082
2026-08-23 05:52:00,0.108
2026-08-23 05:53:00,0.07
2026-08-23 05:54:00,0.104
2026-08-23 05:55:00,0.105
2026-08-23 05:56:00,0.118
2026-08-23 05:57:00,0.102
2026-08-23 05:58:00,0.095
2026-08-23 05:59:00,0.066
2026-08-23 06:00:00,0.1
2026-08-23 06:01:00,0.11
2026-08-23 06:02:00,0.048
2026-08-23 06:03:00,0.081
2026-08-23 06:04:00,0.05
2026-08-23 06:05:00,0.108
2026-08-23 06:06:00,0.097
2026-08-23 06:07:00,0.112
2026-08-23 06:08:00,0.055
2026-08-23 06:09:00,0.05
2026-08-23 06:10:00,0.081
2026-08-23 06:11:00,0.063
2026-08-23 06:12:00,0.114
2026-08-23 06:13:00,0.078
2026-08-23 06:14:00,0.078
2026-08-23 06:15:00,0.047
2026-08-23 06:16:00,0.059
2026-08-23 06:17:00,0.048
2026-08-23 06:18:00,0.043
2026-08-23 06:19:00,0.088
2026-08-23 06:20:00,0.117
2026-08-23 06:21:00,0.111
2026-08-23 06:22:00,0.045
2026-08-23 06:23:00,0.103
2026-08-23 06:24:00,0.106
2026-08-23 06:25:00,0.054
2026-08-23 06:26:00,0.077
2026-08-23 06:27:00,0.095
2026-08-23 06:28:00,0.075
2026-08-23 06:29:00,0.1
2026-08-23 06:30:00,0.099
2026-08-23 06:31:00,0.086
2026-08-23 06:32:00,0.116
2026-08-23 06:33:00,0.11
2026-08-23 06:34:00,0.048
2026-08-23 06:35:00,0.093
2026-08-23 06:36:00,0.043
2026-08-23 06:37:00,0.09
2026-08-23 06:38:00,0.111
2026-08-23 06:39:00,0.099
2026-08-23 06:40:00,0.041
2026-08-23 06:41:00,0.096
2026-08-23 06:42:00,0.075
2026-08-23 06:43:00,0.05
2026-08-23 06:44:00,0.075
2026-08-23 06:45:00,0.089
2026-08-23 06:46:00,0.1
2026-08-23 06:47:00,0.118
2026-08-23 06:48:00,0.093
2026-08-23 06:49:00,0.118
2026-08-23 06:50:00,0.077
2026-08-23 06:51:00,0.074
2026-08-23 06:52:00,0.111
2026-08-23 06:53:00,0.12
2026-08-23 06:54:00,0.12
2026-08-23 06:55:00,0.09
2026-08-23 06:56:00,0.108
2026-08-23 06:57:00,0.105
2026-08-23 06:58:00,0.115
2026-08-23 06:59:00,0.067
2026-08-23 07:00:00,0.056
2026-08-23 07:01:00,0.115
2026-08-23 07:02:00,0.045
2026-08-23 07:03:00,0.081
2026-08-23 07:04:00,0.054
2026-08-23 07:05:00,0.049
2026-08-23 07:06:00,0.072
2026-08-23 07:07:00,0.078
2026-08-23 07:08:00,0.045
2026-08-23 07:09:00,0.064
2026-08-23 07:10:00,0.07
2026-08-23 07:11:00,0.06
2026-08-23 07:12:00,0.091
2026-08-23 07:13:00,0.09
2026-08-23 07:14:00,0.118
2026-08-23 07:15:00,0.054
2026-08-23 07:16:00,0.09
2026-08-23 07:17:00,0.078
2026-08-23 07:18:00,0.064
2026-08-23 07:19:00,0.053
2026-08-23 07:20:00,0.09
2026-08-23 07:21:00,0.045
2026-08-23 07:22:00,0.047
2026-08-23 07:23:00,0.111
2026-08-23 07:24:00,0.072
2026-08-23 07:25:00,0.061
2026-08-23 07:26:00,0.04
2026-08-23 07:27:00,0.108
2026-08-23 07:28:00,0.057
2026-08-23 07:29:00,0.065
2026-08-23 07:30:00,0.109
2026-08-23 07:31:00,0.061
2026-08-23 07:32:00,0.085
2026-08-23 07:33:00,0.113
2026-08-23 07:34:00,0.041
2026-08-23 07:35:00,0.049
2026-08-23 07:36:00,0.106
2026-08-23 07:37:00,0.095
2026-08-23 07:38:00,0.076
2026-08-23 07:39:00,0.096
2026-08-23 07:40:00,0.07
2026-08-23 07:41:00,0.047
2026-08-23 07:42:00,0.094
2026-08-23 07:43:00,0.095
2026-08-23 07:44:00,0.055
2026-08-23 07:45:00,0.055
2026-08-23 07:46:00,0.046
2026-08-23 07:47:00,0.08
2026-08-23 07:48:00,0.052
2026-08-23 07:49:00,0.118
2026-08-23 07:50:00,0.075
2026-08-23 07:51:00,0.068
2026-08-23 07:52:00,0.085
2026-08-23 07:53:00,0.119
2026-08-23 07:54:00,0.118
2026-08-23 07:55:00,0.084
2026-08-23 07:56:00,0.069
2026-08-23 07:57:00,0.081
2026-08-23 07:58:00,0.106
2026-08-23 07:59:00,0.092
2026-08-23 08:00:00,0.066
2026-08-23 08:01:00,0.1
2026-08-23 08:02:00,0.044
2026-08-23 08:03:00,0.09
2026-08-23 08:04:00,0.049
2026-08-23 08:05:00,0.078
2026-08-23 08:06:00,0.07
2026-08-23 08:07:00,0.059
2026-08-23 08:08:00,0.111
2026-08-23 08:09:00,0.056
2026-08-23 08:10:00,0.077
2026-08-23 08:11:00,0.055
2026-08-23 08:12:00,0.118
2026-08-23 08:13:00,0.112
2026-08-23 08:14:00,0.063
2026-08-23 08:15:00,0.098
2026-08-23 08:16:00,0.106
2026-08-23 08:17:00,0.097
2026-08-23 08:18:00,0.115
2026-08-23 08:19:00,0.105
2026-08-23 08:20:00,0.045
2026-08-23 08:21:00,0.067
2026-08-23 08:22:00,0.116
2026-08-23 08:23:00,0.047
2026-08-23 08:24:00,0.077
2026-08-23 08:25:00,0.109
2026-08-23 08:26:00,0.113
2026-08-23 08:27:00,0.047
2026-08-23 08:28:00,0.073
2026-08-23 08:29:00,0.064
2026-08-23 08:30:00,0.054
2026-08-23 08:31:00,0.092
2026-08-23 08:32:00,0.092
2026-08-23 08:33:00,0.053
2026-08-23 08:34:00,0.081
2026-08-23 08:35:00,0.056
2026-08-23 08:36:00,0.104
2026-08-23 08:37:00,0.097
2026-08-23 08:38:00,0.074
2026-08-23 08:39:00,0.093
2026-08-23 08:40:00,0.111
2026-08-23 08:41:00,0.105
2026-08-23 08:42:00,0.065
2026-08-23 08:43:00,0.117
2026-08-23 08:44:00,0.096
2026-08-23 08:45:00,0.077
2026-08-23 08:46:00,0.091
2026-08-23 08:47:00,0.072
2026-08-23 08:48:00,0.106
2026-08-23 08:49:00,0.081
2026-08-23 08:50:00,0.114
2026-08-23 08:51:00,0.079
2026-08-23 08:52:00,0.095
2026-08-23 08:53:00,0.04
2026-08-23 08:54:00,0.044
2026-08-23 08:55:00,0.106
2026-08-23 08:56:00,0.116
2026-08-23 08:57:00,0.066
2026-08-23 08:58:00,0.073
2026-08-23 08:59:00,0.068
2026-08-23 09:00:00,0.045
2026-08-23 09:01:00,0.118
2026-08-23 09:02:00,0.097
2026-08-23 09:03:00,0.106
2026-08-23 09:04:00,0.1
2026-08-23 09:05:00,0.091
2026-08-23 09:06:00,0.081
2026-08-23 09:07:00,0.075
2026-08-23 09:08:00,0.11
2026-08-23 09:09:00,0.117
2026-08-23 09:10:00,0.109
2026-08-23 09:11:00,0.042
2026-08-23 09:12:00,0.119
2026-08-23 09:13:00,0.051
2026-08-23 09:14:00,0.088
2026-08-23 09:15:00,0.054
2026-08-23 09:16:00,0.056
2026-08-23 09:17:00,0.061
2026-08-23 09:18:00,0.049
2026-08-23 09:19:00,0.051
2026-08-23 09:20:00,0.081
2026-08-23 09:21:00,0.113
2026-08-23 09:22:00,0.09
2026-08-23 09:23:00,0.08
2026-08-23 09:24:00,0.097
2026-08-23 09:25:00,0.097
2026-08-23 09:26:00,0.076
2026-08-23 09:27:00,0.112
2026-08-23 09:28:00,0.055
2026-08-23 09:29:00,0.083
2026-08-23 09:30:00,0.093
2026-08-23 09:31:00,0.064
2026-08-23 09:32:00,0.09
2026-08-23 09:33:00,0.093
2026-08-23 09:34:00,0.043
2026-08-23 09:35:00,0.084
2026-08-23 09:36:00,0.059
2026-08-23 09:37:00,0.062
2026-08-23 09:38:00,0.076
2026-08-23 09:39:00,0.07
2026-08-23 09:40:00,0.115
2026-08-23 09:41:00,0.108
2026-08-23 09:42:00,0.108
2026-08-23 09:43:00,0.109
2026-08-23 09:44:00,0.111
2026-08-23 09:45:00,0.069
2026-08-23 09:46:00,0.09
2026-08-23 09:47:00,0.048
2026-08-23 09:48:00,0.117
2026-08-23 09:49:00,0.082
2026-08-23 09:50:00,0.043
2026-08-23 09:51:00,0.102
2026-08-23 09:52:00,0.066
2026-08-23 09:53:00,0.063
2026-08-23 09:54:00,0.105
2026-08-23 09:55:00,0.081
2026-08-23 09:56:00,0.051
2026-08-23 09:57:00,0.077
2026-08-23 09:58:00,0.062
2026-08-23 09:59:00,0.086
2026-08-23 10:00:00,0.113
2026-08-23 10:01:00,0.053
2026-08-23 10:02:00,0.084
2026-08-23 10:03:00,0.043
2026-08-23 10:04:00,0.06
2026-08-23 10:05:00,0.058
2026-08-23 10:06:00,0.099
2026-08-23 10:07:00,0.089
2026-08-23 10:08:00,0.106
2026-08-23 10:09:00,0.055
2026-08-23 10:10:00,0.118
2026-08-23 10:11:00,0.1
2026-08-23 10:12:00,0.113
2026-08-23 10:13:00,0.06
2026-08-23 10:14:00,0.12
2026-08-23 10:15:00,0.089
2026-08-23 10:16:00,0.109
2026-08-23 10:17:00,0.053
2026-08-23 10:18:00,0.07
2026-08-23 10:19:00,0.055
2026-08-23 10:20:00,0.063
2026-08-23 10:21:00,0.061
2026-08-23 10:22:00,0.097
2026-08-23 10:23:00,0.082
2026-08-23 10:24:00,0.098
2026-08-23 10:25:00,0.119
2026-08-23 10:26:00,0.079
2026-08-23 10:27:00,0.104
2026-08-23 10:28:00,0.063
2026-08-23 10:29:00,0.082
2026-08-23 10:30:00,0.049
2026-08-23 10:31:00,0.116
2026-08-23 10:32:00,0.077
2026-08-23 10:33:00,0.071
2026-08-23 10:34:00,0.095
2026-08-23 10:35:00,0.107
2026-08-23 10:36:00,0.113
2026-08-23 10:37:00,0.064
2026-08-23 10:38:00,0.064
2026-08-23 10:39:00,0.053
2026-08-23 10:40:00,0.063
2026-08-23 10:41:00,0.08
2026-08-23 10:42:00,0.115
2026-08-23 10:43:00,0.112
2026-08-23 10:44:00,0.042
2026-08-23 10:45:00,0.065
2026-08-23 10:46:00,0.07
2026-08-23 10:47:00,0.087
2026-08-23 10:48:00,0.104
2026-08-23 10:49:00,0.097
2026-08-23 10:50:00,0.085
2026-08-23 10:51:00,0.041
2026-08-23 10:52:00,0.067
2026-08-23 10:53:00,0.06
2026-08-23 10:54:00,0.07
2026-08-23 10:55:00,0.118
2026-08-23 10:56:00,0.066
2026-08-23 10:57:00,0.073
2026-08-23 10:58:00,0.107
2026-08-23 10:59:00,0.063
2026-08-23 11:00:00,0.108
2026-08-23 11:01:00,0.072
2026-08-23 11:02:00,0.041
2026-08-23 11:03:00,0.045
2026-08-23 11:04:00,0.098
2026-08-23 11:05:00,0.113
2026-08-23 11:06:00,0.07
2026-08-23 11:07:00,0.046
2026-08-23 11:08:00,0.074
2026-08-23 11:09:00,0.064
2026-08-23 11:10:00,0.057
2026-08-23 11:11:00,0.1
2026-08-23 11:12:00,0.081
2026-08-23 11:13:00,0.069
2026-08-23 11:14:00,0.069
2026-08-23 11:15:00,0.105
2026-08-23 11:16:00,0.108
2026-08-23 11:17:00,0.075
2026-08-23 11:18:00,0.081
2026-08-23 11:19:00,0.041
2026-08-23 11:20:00,0.05
2026-08-23 11:21:00,0.099
2026-08-23 11:22:00,0.087
2026-08-23 11:23:00,0.062
2026-08-23 11:24:00,0.045
2026-08-23 11:25:00,0.042
2026-08-23 11:26:00,0.059
2026-08-23 11:27:00,0.053
2026-08-23 11:28:00,0.099
2026-08-23 11:29:00,0.117
2026-08-23 11:30:00,0.06
2026-08-23 11:31:00,0.081
2026-08-23 11:32:00,0.103
2026-08-23 11:33:00,0.113
2026-08-23 11:34:00,0.078
2026-08-23 11:35:00,0.104
2026-08-23 11:36:00,0.057
2026-08-23 11:37:00,0.117
2026-08-23 11:38:00,0.089
2026-08-23 11:39:00,0.064
2026-08-23 11:40:00,0.074
2026-08-23 11:41:00,0.072
2026-08-23 11:42:00,0.112
2026-08-23 11:43:00,0.066
2026-08-23 11:44:00,0.073
2026-08-23 11:45:00,0.113
2026-08-23 11:46:00,0.081
2026-08-23 11:47:00,0.051
2026-08-23 11:48:00,0.065
2026-08-23 11:49:00,0.064
2026-08-23 11:50:00,0.07
2026-08-23 11:51:00,0.119
2026-08-23 11:52:00,0.109
2026-08-23 11:53:00,0.077
2026-08-23 11:54:00,0.086
2026-08-23 11:55:00,0.108
2026-08-23 11:56:00,0.062
2026-08-23 11:57:00,0.112
2026-08-23 11:58:00,0.075
2026-08-23 11:59:00,0.075
2026-08-23 12:00:00,0.097
2026-08-23 12:01:00,0.043
2026-08-23 12:02:00,0.067
2026-08-23 12:03:00,0.097
2026-08-23 12:04:00,0.074
2026-08-23 12:05:00,0.048
2026-08-23 12:06:00,0.075
2026-08-23 12:07:00,0.117
2026-08-23 12:08:00,0.116
2026-08-23 12:09:00,0.061
2026-08-23 12:10:00,0.05
2026-08-23 12:11:00,0.054
2026-08-23 12:12:00,0.068
2026-08-23 12:13:00,0.083
2026-08-23 12:14:00,0.098
2026-08-23 12:15:00,0.058
2026-08-23 12:16:00,0.041
2026-08-23 12:17:00,0.068
2026-08-23 12:18:00,0.106
2026-08-23 12:19:00,0.05
2026-08-23 12:20:00,0.091
2026-08-23 12:21:00,0.108
2026-08-23 12:22:00,0.072
2026-08-23 12:23:00,0.08
2026-08-23 12:24:00,0.09
2026-08-23 12:25:00,0.09
2026-08-23 12:26:00,0.065
2026-08-23 12:27:00,0.096
2026-08-23 12:28:00,0.088
2026-08-23 12:29:00,0.115
2026-08-23 12:30:00,0.046
2026-08-23 12:31:00,0.088
2026-08-23 12:32:00,0.045
2026-08-23 12:33:00,0.047
2026-08-23 12:34:00,0.11
2026-08-23 12:35:00,0.096
2026-08-23 12:36:00,0.072
2026-08-23 12:37:00,0.063
2026-08-23 12:38:00,0.066
2026-08-23 12:39:00,0.061
2026-08-23 12:40:00,0.089
2026-08-23 12:41:00,0.045
2026-08-23 12:42:00,0.066
2026-08-23 12:43:00,0.082
2026-08-23 12:44:00,0.081
2026-08-23 12:45:00,0.073
2026-08-23 12:46:00,0.043
2026-08-23 12:47:00,0.053
2026-08-23 12:48:00,0.073
2026-08-23 12:49:00,0.108
2026-08-23 12:50:00,0.116
2026-08-23 12:51:00,0.097
2026-08-23 12:52:00,0.07
2026-08-23 12:53:00,0.064
2026-08-23 12:54:00,0.077
2026-08-23 12:55:00,0.075
2026-08-23 12:56:00,0.086
2026-08-23 12:57:00,0.078
2026-08-23 12:58:00,0.067
2026-08-23 12:59:00,0.12
2026-08-23 13:00:00,0.078
2026-08-23 13:01:00,0.118
2026-08-23 13:02:00,0.057
2026-08-23 13:03:00,0.104
2026-08-23 13:04:00,0.093
2026-08-23 13:05:00,0.084
2026-08-23 13:06:00,0.112
2026-08-23 13:07:00,0.118
2026-08-23 13:08:00,0.097
2026-08-23 13:09:00,0.046
2026-08-23 13:10:00,0.119
2026-08-23 13:11:00,0.06
2026-08-23 13:12:00,0.072
2026-08-23 13:13:00,0.05
2026-08-23 13:14:00,0.065
2026-08-23 13:15:00,0.064
2026-08-23 13:16:00,0.042
2026-08-23 13:17:00,0.079
2026-08-23 13:18:00,0.048
2026-08-23 13:19:00,0.06
2026-08-23 13:20:00,0.103
2026-08-23 13:21:00,0.089
2026-08-23 13:22:00,0.1
2026-08-23 13:23:00,0.074
2026-08-23 13:24:00,0.073
2026-08-23 13:25:00,0.049
2026-08-23 13:26:00,0.111
2026-08-23 13:27:00,0.085
2026-08-23 13:28:00,0.079
2026-08-23 13:29:00,0.103
2026-08-23 13:30:00,0.108
2026-08-23 13:31:00,0.12
2026-08-23 13:32:00,0.056
2026-08-23 13:33:00,0.09
2026-08-23 13:34:00,0.109
2026-08-23 13:35:00,0.09
2026-08-23 13:36:00,0.078
2026-08-23 13:37:00,0.112
2026-08-23 13:38:00,0.087
2026-08-23 13:39:00,0.093
2026-08-23 13:40:00,0.091
2026-08-23 13:41:00,0.065
2026-08-23 13:42:00,0.098
2026-08-23 13:43:00,0.073
2026-08-23 13:44:00,0.048
2026-08-23 13:45:00,0.099
2026-08-23 13:46:00,0.114
2026-08-23 13:47:00,0.088
2026-08-23 13:48:00,0.106
2026-08-23 13:49:00,0.04
2026-08-23 13:50:00,0.053
2026-08-23 13:51:00,0.04
2026-08-23 13:52:00,0.071
2026-08-23 13:53:00,0.109
2026-08-23 13:54:00,0.063
2026-08-23 13:55:00,0.079
2026-08-23 13:56:00,0.118
2026-08-23 13:57:00,0.042
2026-08-23 13:58:00,0.077
2026-08-23 13:59:00,0.085
2026-08-23 14:00:00,0.094
2026-08-23 14:01:00,0.109
2026-08-23 14:02:00,0.103
2026-08-23 14:03:00,0.05
2026-08-23 14:04:00,0.11
2026-08-23 14:05:00,0.059
2026-08-23 14:06:00,0.118
2026-08-23 14:07:00,0.12
2026-08-23 14:08:00,0.083
2026-08-23 14:09:00,0.088
2026-08-23 14:10:00,0.069
2026-08-23 14:11:00,0.081
2026-08-23 14:12:00,0.105
2026-08-23 14:13:00,0.049
2026-08-23 14:14:00,0.064
2026-08-23 14:15:00,0.048
2026-08-23 14:16:00,0.048
2026-08-23 14:17:00,0.095
2026-08-23 14:18:00,0.095
2026-08-23 14:19:00,0.092
2026-08-23 14:20:00,0.096
2026-08-23 14:21:00,0.117
2026-08-23 14:22:00,0.072
2026-08-23 14:23:00,0.065
2026-08-23 14:24:00,0.084
2026-08-23 14:25:00,0.108
2026-08-23 14:26:00,0.104
2026-08-23 14:27:00,0.097
2026-08-23 14:28:00,0.088
2026-08-23 14:29:00,0.043
2026-08-23 14:30:00,0.075
2026-08-23 14:31:00,0.119
2026-08-23 14:32:00,0.045
2026-08-23 14:33:00,0.078
2026-08-23 14:34:00,0.101
2026-08-23 14:35:00,0.114
2026-08-23 14:36:00,0.075
2026-08-23 14:37:00,0.116
2026-08-23 14:38:00,0.078
2026-08-23 14:39:00,0.062
2026-08-23 14:40:00,0.119
2026-08-23 14:41:00,0.052
2026-08-23 14:42:00,0.107
2026-08-23 14:43:00,0.116
2026-08-23 14:44:00,0.055
2026-08-23 14:45:00,0.111
2026-08-23 14:46:00,0.116
2026-08-23 14:47:00,0.086
2026-08-23 14:48:00,0.068
2026-08-23 14:49:00,0.062
2026-08-23 14:50:00,0.104
2026-08-23 14:51:00,0.108
2026-08-23 14:52:00,0.06
2026-08-23 14:53:00,0.05
2026-08-23 14:54:00,0.118
2026-08-23 14:55:00,0.077
2026-08-23 14:56:00,0.094
2026-08-23 14:57:00,0.105
2026-08-23 14:58:00,0.103
2026-08-23 14:59:00,0.087
2026-08-23 15:00:00,0.052
2026-08-23 15:01:00,0.075
2026-08-23 15:02:00,0.081
2026-08-23 15:03:00,0.061
2026-08-23 15:04:00,0.052
2026-08-23 15:05:00,0.118
2026-08-23 15:06:00,0.048
2026-08-23 15:07:00,0.049
2026-08-23 15:08:00,0.093
2026-08-23 15:09:00,0.093
2026-08-23 15:10:00,0.059
2026-08-23 15:11:00,0.055
2026-08-23 15:12:00,0.041
2026-08-23 15:13:00,0.045
2026-08-23 15:14:00,0.107
2026-08-23 15:15:00,0.041
2026-08-23 15:16:00,0.045
2026-08-23 15:17:00,0.061
2026-08-23 15:18:00,0.065
2026-08-23 15:19:00,0.118
2026-08-23 15:20:00,0.07
2026-08-23 15:21:00,0.068
2026-08-23 15:22:00,0.058
2026-08-23 15:23:00,0.096
2026-08-23 15:24:00,0.111
2026-08-23 15:25:00,0.042
2026-08-23 15:26:00,0.117
2026-08-23 15:27:00,0.05
2026-08-23 15:28:00,0.061
2026-08-23 15:29:00,0.042
2026-08-23 15:30:00,0.111
2026-08-23 15:31:00,0.058
2026-08-23 15:32:00,0.108
2026-08-23 15:33:00,0.1
2026-08-23 15:34:00,0.105
2026-08-23 15:35:00,0.1
2026-08-23 15:36:00,0.119
2026-08-23 15:37:00,0.054
2026-08-23 15:38:00,0.108
2026-08-23 15:39:00,0.081
2026-08-23 15:40:00,0.051
2026-08-23 15:41:00,0.044
2026-08-23 15:42:00,0.046
2026-08-23 15:43:00,0.108
2026-08-23 15:44:00,0.111
2026-08-23 15:45:00,0.109
2026-08-23 15:46:00,0.069
2026-08-23 15:47:00,0.07
2026-08-23 15:48:00,0.044
2026-08-23 15:49:00,0.054
2026-08-23 15:50:00,0.083
2026-08-23 15:51:00,0.066
2026-08-23 15:52:00,0.063
2026-08-23 15:53:00,0.059
2026-08-23 15:54:00,0.086
2026-08-23 15:55:00,0.11
2026-08-23 15:56:00,0.111
2026-08-23 15:57:00,0.117
2026-08-23 15:58:00,0.075
2026-08-23 15:59:00,0.071
2026-08-23 16:00:00,0.108
2026-08-23 16:01:00,0.101
2026-08-23 16:02:00,0.119
2026-08-23 16:03:00,0.07
2026-08-23 16:04:00,0.056
2026-08-23 16:05:00,0.102
2026-08-23 16:06:00,0.116
2026-08-23 16:07:00,0.093
2026-08-23 16:08:00,0.058
2026-08-23 16:09:00,0.074
2026-08-23 16:10:00,0.098
2026-08-23 16:11:00,0.05
2026-08-23 16:12:00,0.062
2026-08-23 16:13:00,0.082
2026-08-23 16:14:00,0.101
2026-08-23 16:15:00,0.103
2026-08-23 16:16:00,0.117
2026-08-23 16:17:00,0.047
2026-08-23 16:18:00,0.091
2026-08-23 16:19:00,0.071
2026-08-23 16:20:00,0.047
2026-08-23 16:21:00,0.104
2026-08-23 16:22:00,0.056
2026-08-23 16:23:00,0.084
2026-08-23 16:24:00,0.101
2026-08-23 16:25:00,0.104
2026-08-23 16:26:00,0.055
2026-08-23 16:27:00,0.053
2026-08-23 16:28:00,0.067
2026-08-23 16:29:00,0.12
2026-08-23 16:30:00,0.07
2026-08-23 16:31:00,0.095
2026-08-23 16:32:00,0.049
2026-08-23 16:33:00,0.067
2026-08-23 16:34:00,0.052
2026-08-23 16:35:00,0.076
2026-08-23 16:36:00,0.046
2026-08-23 16:37:00,0.086
2026-08-23 16:38:00,0.118
2026-08-23 16:39:00,0.05
2026-08-23 16:40:00,0.048
2026-08-23 16:41:00,0.089
2026-08-23 16:42:00,0.054
2026-08-23 16:43:00,0.044
2026-08-23 16:44:00,0.068
2026-08-23 16:45:00,0.063
2026-08-23 16:46:00,0.042
2026-08-23 16:47:00,0.111
2026-08-23 16:48:00,0.094
2026-08-23 16:49:00,0.063
2026-08-23 16:50:00,0.048
2026-08-23 16:51:00,0.04
2026-08-23 16:52:00,0.075
2026-08-23 16:53:00,0.087
2026-08-23 16:54:00,0.065
2026-08-23 16:55:00,0.078
2026-08-23 16:56:00,0.046
2026-08-23 16:57:00,0.073
2026-08-23 16:58:00,0.048
2026-08-23 16:59:00,0.081
2026-08-23 17:00:00,0.052
2026-08-23 17:01:00,0.117
2026-08-23 17:02:00,0.099
2026-08-23 17:03:00,0.111
2026-08-23 17:04:00,0.1
2026-08-23 17:05:00,0.044
2026-08-23 17:06:00,0.093
2026-08-23 17:07:00,0.078
2026-08-23 17:08:00,0.092
2026-08-23 17:09:00,0.079
2026-08-23 17:10:00,0.071
2026-08-23 17:11:00,0.052
2026-08-23 17:12:00,0.073
2026-08-23 17:13:00,0.047
2026-08-23 17:14:00,0.067
2026-08-23 17:15:00,0.084
2026-08-23 17:16:00,0.074
2026-08-23 17:17:00,0.065
2026-08-23 17:18:00,0.084
2026-08-23 17:19:00,0.076
2026-08-23 17:20:00,0.083
2026-08-23 17:21:00,0.045
2026-08-23 17:22:00,0.07
2026-08-23 17:23:00,0.106
2026-08-23 17:24:00,0.096
2026-08-23 17:25:00,0.059
2026-08-23 17:26:00,0.069
2026-08-23 17:27:00,0.103
2026-08-23 17:28:00,0.046
2026-08-23 17:29:00,0.117
2026-08-23 17:30:00,0.045
2026-08-23 17:31:00,0.12
2026-08-23 17:32:00,0.045
2026-08-23 17:33:00,0.075
2026-08-23 17:34:00,0.074
2026-08-23 17:35:00,0.057
2026-08-23 17:36:00,0.086
2026-08-23 17:37:00,0.059
2026-08-23 17:38:00,0.12
2026-08-23 17:39:00,0.051
2026-08-23 17:40:00,0.075
2026-08-23 17:41:00,0.049
2026-08-23 17:42:00,0.053
2026-08-23 17:43:00,0.091
2026-08-23 17:44:00,0.083
2026-08-23 17:45:00,0.102
2026-08-23 17:46:00,0.045
2026-08-23 17:47:00,0.043
2026-08-23 17:48:00,0.073
2026-08-23 17:49:00,0.065
2026-08-23 17:50:00,0.118
2026-08-23 17:51:00,0.054
2026-08-23 17:52:00,0.05
2026-08-23 17:53:00,0.118
2026-08-23 17:54:00,0.063
2026-08-23 17:55:00,0.05
2026-08-23 17:56:00,0.106
2026-08-23 17:57:00,0.101
2026-08-23 17:58:00,0.064
2026-08-23 17:59:00,0.048
2026-08-23 18:00:00,0.053
2026-08-23 18:01:00,0.108
2026-08-23 18:02:00,0.082
2026-08-23 18:03:00,0.107
2026-08-23 18:04:00,0.092
2026-08-23 18:05:00,0.104
2026-08-23 18:06:00,0.066
2026-08-23 18:07:00,0.064
2026-08-23 18:08:00,0.077
2026-08-23 18:09:00,0.059
2026-08-23 18:10:00,0.107
2026-08-23 18:11:00,0.1
2026-08-23 18:12:00,0.063
2026-08-23 18:13:00,0.065
2026-08-23 18:14:00,0.095
2026-08-23 18:15:00,0.069
2026-08-23 18:16:00,0.075
2026-08-23 18:17:00,0.045
2026-08-23 18:18:00,0.11
2026-08-23 18:19:00,0.044
2026-08-23 18:20:00,0.043
2026-08-23 18:21:00,0.102
2026-08-23 18:22:00,0.111
2026-08-23 18:23:00,0.049
2026-08-23 18:24:00,0.05
2026-08-23 18:25:00,0.09
2026-08-23 18:26:00,0.111
2026-08-23 18:27:00,0.101
2026-08-23 18:28:00,0.043
2026-08-23 18:29:00,0.071
2026-08-23 18:30:00,0.079
2026-08-23 18:31:00,0.111
2026-08-23 18:32:00,0.068
2026-08-23 18:33:00,0.12
2026-08-23 18:34:00,0.089
2026-08-23 18:35:00,0.072
2026-08-23 18:36:00,0.065
2026-08-23 18:37:00,0.053
2026-08-23 18:38:00,0.058
2026-08-23 18:39:00,0.054
2026-08-23 18:40:00,0.068
2026-08-23 18:41:00,0.074
2026-08-23 18:42:00,0.047
2026-08-23 18:43:00,0.062
2026-08-23 18:44:00,0.068
2026-08-23 18:45:00,0.057
2026-08-23 18:46:00,0.108
2026-08-23 18:47:00,0.041
2026-08-23 18:48:00,0.093
2026-08-23 18:49:00,0.112
2026-08-23 18:50:00,0.044
2026-08-23 18:51:00,0.061
2026-08-23 18:52:00,0.111
2026-08-23 18:53:00,0.118
2026-08-23 18:54:00,0.105
2026-08-23 18:55:00,0.1
2026-08-23 18:56:00,0.062
2026-08-23 18:57:00,0.093
2026-08-23 18:58:00,0.071
2026-08-23 18:59:00,0.063
2026-08-23 19:00:00,0.114
2026-08-23 19:01:00,0.09
2026-08-23 19:02:00,0.103
2026-08-23 19:03:00,0.082
2026-08-23 19:04:00,0.057
2026-08-23 19:05:00,0.107
2026-08-23 19:06:00,0.056
2026-08-23 19:07:00,0.056
2026-08-23 19:08:00,0.061
2026-08-23 19:09:00,0.074
2026-08-23 19:10:00,0.112
2026-08-23 19:11:00,0.06
2026-08-23 19:12:00,0.064
2026-08-23 19:13:00,0.054
2026-08-23 19:14:00,0.105
2026-08-23 19:15:00,0.065
2026-08-23 19:16:00,0.052
2026-08-23 19:17:00,0.056
2026-08-23 19:18:00,0.116
2026-08-23 19:19:00,0.053
2026-08-23 19:20:00,0.064
2026-08-23 19:21:00,0.097
2026-08-23 19:22:00,0.082
2026-08-23 19:23:00,0.081
2026-08-23 19:24:00,0.066
2026-08-23 19:25:00,0.114
2026-08-23 19:26:00,0.061
2026-08-23 19:27:00,0.114
2026-08-23 19:28:00,0.072
2026-08-23 19:29:00,0.095
2026-08-23 19:30:00,0.06
2026-08-23 19:31:00,0.11
2026-08-23 19:32:00,0.073
2026-08-23 19:33:00,0.061
2026-08-23 19:34:00,0.078
2026-08-23 19:35:00,0.062
2026-08-23 19:36:00,0.113
2026-08-23 19:37:00,0.067
2026-08-23 19:38:00,0.106
2026-08-23 19:39:00,0.109
2026-08-23 19:40:00,0.086
2026-08-23 19:41:00,0.059
2026-08-23 19:42:00,0.046
2026-08-23 19:43:00,0.065
2026-08-23 19:44:00,0.073
2026-08-23 19:45:00,0.109
2026-08-23 19:46:00,0.065
2026-08-23 19:47:00,0.049
2026-08-23 19:48:00,0.078
2026-08-23 19:49:00,0.117
2026-08-23 19:50:00,0.102
2026-08-23 19:51:00,0.063
2026-08-23 19:52:00,0.045
2026-08-23 19:53:00,0.078
2026-08-23 19:54:00,0.117
2026-08-23 19:55:00,0.101
2026-08-23 19:56:00,0.086
2026-08-23 19:57:00,0.074
2026-08-23 19:58:00,0.095
2026-08-23 19:59:00,0.112
2026-08-23 20:00:00,0.071
2026-08-23 20:01:00,0.07
2026-08-23 20:02:00,0.049
2026-08-23 20:03:00,0.066
2026-08-23 20:04:00,0.099
2026-08-23 20:05:00,0.067
2026-08-23 20:06:00,0.066
2026-08-23 20:07:00,0.065
2026-08-23 20:08:00,0.053
2026-08-23 20:09:00,0.115
2026-08-23 20:10:00,0.1
2026-08-23 20:11:00,0.054
2026-08-23 20:12:00,0.051
2026-08-23 20:13:00,0.041
2026-08-23 20:14:00,0.074
2026-08-23 20:15:00,0.086
2026-08-23 20:16:00,0.109
2026-08-23 20:17:00,0.114
2026-08-23 20:18:00,0.047
2026-08-23 20:19:00,0.084
2026-08-23 20:20:00,0.081
2026-08-23 20:21:00,0.071
2026-08-23 20:22:00,0.083
2026-08-23 20:23:00,0.097
2026-08-23 20:24:00,0.058
2026-08-23 20:25:00,0.092
2026-08-23 20:26:00,0.098
2026-08-23 20:27:00,0.048
2026-08-23 20:28:00,0.096
2026-08-23 20:29:00,0.041
2026-08-23 20:30:00,0.077
2026-08-23 20:31:00,0.064
2026-08-23 20:32:00,0.058
2026-08-23 20:33:00,0.07
2026-08-23 20:34:00,0.105
2026-08-23 20:35:00,0.047
2026-08-23 20:36:00,0.076
2026-08-23 20:37:00,0.052
2026-08-23 20:38:00,0.081
2026-08-23 20:39:00,0.093
2026-08-23 20:40:00,0.063
2026-08-23 20:41:00,0.092
2026-08-23 20:42:00,0.116
2026-08-23 20:43:00,0.046
2026-08-23 20:44:00,0.091
2026-08-23 20:45:00,0.117
2026-08-23 20:46:00,0.086
2026-08-23 20:47:00,0.088
2026-08-23 20:48:00,0.115
2026-08-23 20:49:00,0.101
2026-08-23 20:50:00,0.107
2026-08-23 20:51:00,0.051
2026-08-23 20:52:00,0.098
2026-08-23 20:53:00,0.096
2026-08-23 20:54:00,0.113
2026-08-23 20:55:00,0.096
2026-08-23 20:56:00,0.091
2026-08-23 20:57:00,0.058
2026-08-23 20:58:00,0.109
2026-08-23 20:59:00,0.103
2026-08-23 21:00:00,0.085
2026-08-23 21:01:00,0.042
2026-08-23 21:02:00,0.117
2026-08-23 21:03:00,0.053
2026-08-23 21:04:00,0.117
2026-08-23 21:05:00,0.07
2026-08-23 21:06:00,0.074
2026-08-23 21:07:00,0.062
2026-08-23 21:08:00,0.077
2026-08-23 21:09:00,0.063
2026-08-23 21:10:00,0.097
2026-08-23 21:11:00,0.063
2026-08-23 21:12:00,0.054
2026-08-23 21:13:00,0.116
2026-08-23 21:14:00,0.045
2026-08-23 21:15:00,0.089
2026-08-23 21:16:00,0.091
2026-08-23 21:17:00,0.042
2026-08-23 21:18:00,0.047
2026-08-23 21:19:00,0.071
2026-08-23 21:20:00,0.119
2026-08-23 21:21:00,0.106
2026-08-23 21:22:00,0.076
2026-08-23 21:23:00,0.045
2026-08-23 21:24:00,0.115
2026-08-23 21:25:00,0.068
2026-08-23 21:26:00,0.043
2026-08-23 21:27:00,0.07
2026-08-23 21:28:00,0.097
2026-08-23 21:29:00,0.098
2026-08-23 21:30:00,0.052
2026-08-23 21:31:00,0.056
2026-08-23 21:32:00,0.11
2026-08-23 21:33:00,0.082
2026-08-23 21:34:00,0.078
2026-08-23 21:35:00,0.113
2026-08-23 21:36:00,0.1
2026-08-23 21:37:00,0.046
2026-08-23 21:38:00,0.054
2026-08-23 21:39:00,0.088
2026-08-23 21:40:00,0.119
2026-08-23 21:41:00,0.087
2026-08-23 21:42:00,0.041
2026-08-23 21:43:00,0.12
2026-08-23 21:44:00,0.064
2026-08-23 21:45:00,0.109
2026-08-23 21:46:00,0.078
2026-08-23 21:47:00,0.04
2026-08-23 21:48:00,0.079
2026-08-23 21:49:00,0.113
2026-08-23 21:50:00,0.082
2026-08-23 21:51:00,0.061
2026-08-23 21:52:00,0.073
2026-08-23 21:53:00,0.085
2026-08-23 21:54:00,0.044
2026-08-23 21:55:00,0.048
2026-08-23 21:56:00,0.061
2026-08-23 21:57:00,0.043
2026-08-23 21:58:00,0.08
2026-08-23 21:59:00,0.102
2026-08-23 22:00:00,0.078
2026-08-23 22:01:00,0.052
2026-08-23 22:02:00,0.044
2026-08-23 22:03:00,0.109
2026-08-23 22:04:00,0.053
2026-08-23 22:05:00,0.071
2026-08-23 22:06:00,0.063
2026-08-23 22:07:00,0.068
2026-08-23 22:08:00,0.104
2026-08-23 22:09:00,0.055
2026-08-23 22:10:00,0.083
2026-08-23 22:11:00,0.075
2026-08-23 22:12:00,0.086
2026-08-23 22:13:00,0.051
2026-08-23 22:14:00,0.119
2026-08-23 22:15:00,0.082
2026-08-23 22:16:00,0.095
2026-08-23 22:17:00,0.113
2026-08-23 22:18:00,0.06
2026-08-23 22:19:00,0.087
2026-08-23 22:20:00,0.071
2026-08-23 22:21:00,0.05
2026-08-23 22:22:00,0.068
2026-08-23 22:23:00,0.042
2026-08-23 22:24:00,0.099
2026-08-23 22:25:00,0.076
2026-08-23 22:26:00,0.115
2026-08-23 22:27:00,0.097
2026-08-23 22:28:00,0.055
2026-08-23 22:29:00,0.102
2026-08-23 22:30:00,0.067
2026-08-23 22:31:00,0.104
2026-08-23 22:32:00,0.08
2026-08-23 22:33:00,0.045
2026-08-23 22:34:00,0.098
2026-08-23 22:35:00,0.077
2026-08-23 22:36:00,0.103
2026-08-23 22:37:00,0.058
2026-08-23 22:38:00,0.087
2026-08-23 22:39:00,0.094
2026-08-23 22:40:00,0.072
2026-08-23 22:41:00,0.076
2026-08-23 22:42:00,0.054
2026-08-23 22:43:00,0.106
2026-08-23 22:44:00,0.05
2026-08-23 22:45:00,0.067
2026-08-23 22:46:00,0.091
2026-08-23 22:47:00,0.078
2026-08-23 22:48:00,0.118
2026-08-23 22:49:00,0.052
2026-08-23 22:50:00,0.053
2026-08-23 22:51:00,0.109
2026-08-23 22:52:00,0.07
2026-08-23 22:53:00,0.112
2026-08-23 22:54:00,0.041
2026-08-23 22:55:00,0.103
2026-08-23 22:56:00,0.083
2026-08-23 22:57:00,0.118
2026-08-23 22:58:00,0.09
2026-08-23 22:59:00,0.119
2026-08-23 23:00:00,0.079
2026-08-23 23:01:00,0.105
2026-08-23 23:02:00,0.042
2026-08-23 23:03:00,0.061
2026-08-23 23:04:00,0.117
2026-08-23 23:05:00,0.079
2026-08-23 23:06:00,0.046
2026-08-23 23:07:00,0.103
2026-08-23 23:08:00,0.115
2026-08-23 23:09:00,0.074
2026-08-23 23:10:00,0.084
2026-08-23 23:11:00,0.078
2026-08-23 23:12:00,0.113
2026-08-23 23:13:00,0.087
2026-08-23 23:14:00,0.115
2026-08-23 23:15:00,0.071
2026-08-23 23:16:00,0.105
2026-08-23 23:17:00,0.105
2026-08-23 23:18:00,0.076
2026-08-23 23:19:00,0.067
2026-08-23 23:20:00,0.07
2026-08-23 23:21:00,0.051
2026-08-23 23:22:00,0.095
2026-08-23 23:23:00,0.075
2026-08-23 23:24:00,0.063
2026-08-23 23:25:00,0.061
2026-08-23 23:26:00,0.112
2026-08-23 23:27:00,0.048
2026-08-23 23:28:00,0.078
2026-08-23 23:29:00,0.091
2026-08-23 23:30:00,0.106
2026-08-23 23:31:00,0.092
2026-08-23 23:32:00,0.065
2026-08-23 23:33:00,0.093
2026-08-23 23:34:00,0.081
2026-08-23 23:35:00,0.109
2026-08-23 23:36:00,0.086
2026-08-23 23:37:00,0.04
2026-08-23 23:38:00,0.093
2026-08-23 23:39:00,0.103
2026-08-23 23:40:00,0.09
2026-08-23 23:41:00,0.049
2026-08-23 23:42:00,0.063
2026-08-23 23:43:00,0.1
2026-08-23 23:44:00,0.103
2026-08-23 23:45:00,0.069
2026-08-23 23:46:00,0.111
2026-08-23 23:47:00,0.075
2026-08-23 23:48:00,0.056
2026-08-23 23:49:00,0.077
2026-08-23 23:50:00,0.065
2026-08-23 23:51:00,0.082
2026-08-23 23:52:00,0.092
2026-08-23 23:53:00,0.115
2026-08-23 23:54:00,0.12
2026-08-23 23:55:00,0.049
2026-08-23 23:56:00,0.105
2026-08-23 23:57:00,0.119
2026-08-23 23:58:00,0.068
2026-08-23 23:59:00,0.111
2026-08-24 00:00:00,0.053
2026-08-24 00:01:00,0.072
2026-08-24 00:02:00,0.092
2026-08-24 00:03:00,0.112
2026-08-24 00:04:00,0.114
2026-08-24 00:05:00,0.099
2026-08-24 00:06:00,0.12
2026-08-24 00:07:00,0.042
2026-08-24 00:08:00,0.075
2026-08-24 00:09:00,0.087
2026-08-24 00:10:00,0.106
2026-08-24 00:11:00,0.086
2026-08-24 00:12:00,0.101
2026-08-24 00:13:00,0.084
2026-08-24 00:14:00,0.09
2026-08-24 00:15:00,0.049
2026-08-24 00:16:00,0.058
2026-08-24 00:17:00,0.078
2026-08-24 00:18:00,0.085
2026-08-24 00:19:00,0.085
2026-08-24 00:20:00,0.067
2026-08-24 00:21:00,0.075
2026-08-24 00:22:00,0.095
2026-08-24 00:23:00,0.05
2026-08-24 00:24:00,0.051
2026-08-24 00:25:00,0.086
2026-08-24 00:26:00,0.088
2026-08-24 00:27:00,0.102
2026-08-24 00:28:00,0.094
2026-08-24 00:29:00,0.06
2026-08-24 00:30:00,0.052
2026-08-24 00:31:00,0.064
2026-08-24 00:32:00,0.048
2026-08-24 00:33:00,0.091
2026-08-24 00:34:00,0.063
2026-08-24 00:35:00,0.109
2026-08-24 00:36:00,0.087
2026-08-24 00:37:00,0.102
2026-08-24 00:38:00,0.103
2026-08-24 00:39:00,0.08
2026-08-24 00:40:00,0.067
2026-08-24 00:41:00,0.099
2026-08-24 00:42:00,0.101
2026-08-24 00:43:00,0.117
2026-08-24 00:44:00,0.043
2026-08-24 00:45:00,0.082
2026-08-24 00:46:00,0.047
2026-08-24 00:47:00,0.042
2026-08-24 00:48:00,0.103
2026-08-24 00:49:00,0.084
2026-08-24 00:50:00,0.046
2026-08-24 00:51:00,0.043
2026-08-24 00:52:00,0.056
2026-08-24 00:53:00,0.047
2026-08-24 00:54:00,0.056
2026-08-24 00:55:00,0.058
2026-08-24 00:56:00,0.058
2026-08-24 00:57:00,0.04
2026-08-24 00:58:00,0.08
2026-08-24 00:59:00,0.059
2026-08-24 01:00:00,0.042
2026-08-24 01:01:00,0.085
2026-08-24 01:02:00,0.044
2026-08-24 01:03:00,0.112
2026-08-24 01:04:00,0.105
2026-08-24 01:05:00,0.057
2026-08-24 01:06:00,0.103
2026-08-24 01:07:00,0.117
2026-08-24 01:08:00,0.074
2026-08-24 01:09:00,0.08
2026-08-24 01:10:00,0.067
2026-08-24 01:11:00,0.087
2026-08-24 01:12:00,0.064
2026-08-24 01:13:00,0.099
2026-08-24 01:14:00,0.091
2026-08-24 01:15:00,0.1
2026-08-24 01:16:00,0.113
2026-08-24 01:17:00,0.118
2026-08-24 01:18:00,0.1
2026-08-24 01:19:00,0.089
2026-08-24 01:20:00,0.103
2026-08-24 01:21:00,0.057
2026-08-24 01:22:00,0.04
2026-08-24 01:23:00,0.118
2026-08-24 01:24:00,0.113
2026-08-24 01:25:00,0.054
2026-08-24 01:26:00,0.055
2026-08-24 01:27:00,0.114
2026-08-24 01:28:00,0.116
2026-08-24 01:29:00,0.05
2026-08-24 01:30:00,0.098
2026-08-24 01:31:00,0.076
2026-08-24 01:32:00,0.087
2026-08-24 01:33:00,0.049
2026-08-24 01:34:00,0.12
2026-08-24 01:35:00,0.105
2026-08-24 01:36:00,0.119
2026-08-24 01:37:00,0.049
2026-08-24 01:38:00,0.042
2026-08-24 01:39:00,0.094
2026-08-24 01:40:00,0.057
2026-08-24 01:41:00,0.099
2026-08-24 01:42:00,0.071
2026-08-24 01:43:00,0.071
2026-08-24 01:44:00,0.118
2026-08-24 01:45:00,0.073
2026-08-24 01:46:00,0.05
2026-08-24 01:47:00,0.042
2026-08-24 01:48:00,0.052
2026-08-24 01:49:00,0.07
2026-08-24 01:50:00,0.102
2026-08-24 01:51:00,0.111
2026-08-24 01:52:00,0.111
2026-08-24 01:53:00,0.097
2026-08-24 01:54:00,0.118
2026-08-24 01:55:00,0.098
2026-08-24 01:56:00,0.067
2026-08-24 01:57:00,0.077
2026-08-24 01:58:00,0.062
2026-08-24 01:59:00,0.104
2026-08-24 02:00:00,0.052
2026-08-24 02:01:00,0.063
2026-08-24 02:02:00,0.119
2026-08-24 02:03:00,0.088
2026-08-24 02:04:00,0.074
2026-08-24 02:05:00,0.083
2026-08-24 02:06:00,0.063
2026-08-24 02:07:00,0.103
2026-08-24 02:08:00,0.1
2026-08-24 02:09:00,0.073
2026-08-24 02:10:00,0.109
2026-08-24 02:11:00,0.095
2026-08-24 02:12:00,0.069
2026-08-24 02:13:00,0.093
2026-08-24 02:14:00,0.118
2026-08-24 02:15:00,0.076
2026-08-24 02:16:00,0.108
2026-08-24 02:17:00,0.052
2026-08-24 02:18:00,0.075
2026-08-24 02:19:00,0.089
2026-08-24 02:20:00,0.09
2026-08-24 02:21:00,0.042
2026-08-24 02:22:00,0.044
2026-08-24 02:23:00,0.107
2026-08-24 02:24:00,0.052
2026-08-24 02:25:00,0.075
2026-08-24 02:26:00,0.091
2026-08-24 02:27:00,0.105
2026-08-24 02:28:00,0.117
2026-08-24 02:29:00,0.119
2026-08-24 02:30:00,0.072
2026-08-24 02:31:00,0.11
2026-08-24 02:32:00,0.083
2026-08-24 02:33:00,0.075
2026-08-24 02:34:00,0.08
2026-08-24 02:35:00,0.087
2026-08-24 02:36:00,0.101
2026-08-24 02:37:00,0.064
2026-08-24 02:38:00,0.115
2026-08-24 02:39:00,0.082
2026-08-24 02:40:00,0.087
2026-08-24 02:41:00,0.061
2026-08-24 02:42:00,0.058
2026-08-24 02:43:00,0.112
2026-08-24 02:44:00,0.116
2026-08-24 02:45:00,0.1
2026-08-24 02:46:00,0.071
2026-08-24 02:47:00,0.1
2026-08-24 02:48:00,0.069
2026-08-24 02:49:00,0.116
2026-08-24 02:50:00,0.063
2026-08-24 02:51:00,0.041
2026-08-24 02:52:00,0.07
2026-08-24 02:53:00,0.046
2026-08-24 02:54:00,0.06
2026-08-24 02:55:00,0.069
2026-08-24 02:56:00,0.04
2026-08-24 02:57:00,0.106
2026-08-24 02:58:00,0.091
2026-08-24 02:59:00,0.041
2026-08-24 03:00:00,0.112
2026-08-24 03:01:00,0.055
2026-08-24 03:02:00,0.098
2026-08-24 03:03:00,0.089
2026-08-24 03:04:00,0.097
2026-08-24 03:05:00,0.049
2026-08-24 03:06:00,0.118
2026-08-24 03:07:00,0.043
2026-08-24 03:08:00,0.116
2026-08-24 03:09:00,0.096
2026-08-24 03:10:00,0.101
2026-08-24 03:11:00,0.093
2026-08-24 03:12:00,0.071
2026-08-24 03:13:00,0.112
2026-08-24 03:14:00,0.041
2026-08-24 03:15:00,0.072
2026-08-24 03:16:00,0.093
2026-08-24 03:17:00,0.106
2026-08-24 03:18:00,0.056
2026-08-24 03:19:00,0.1
2026-08-24 03:20:00,0.103
2026-08-24 03:21:00,0.069
2026-08-24 03:22:00,0.112
2026-08-24 03:23:00,0.074
2026-08-24 03:24:00,0.087
2026-08-24 03:25:00,0.077
2026-08-24 03:26:00,0.106
2026-08-24 03:27:00,0.068
2026-08-24 03:28:00,0.063
2026-08-24 03:29:00,0.07
2026-08-24 03:30:00,0.093
2026-08-24 03:31:00,0.059
2026-08-24 03:32:00,0.116
2026-08-24 03:33:00,0.102
2026-08-24 03:34:00,0.095
2026-08-24 03:35:00,0.116
2026-08-24 03:36:00,0.053
2026-08-24 03:37:00,0.072
2026-08-24 03:38:00,0.092
2026-08-24 03:39:00,0.06
2026-08-24 03:40:00,0.079
2026-08-24 03:41:00,0.11
2026-08-24 03:42:00,0.068
2026-08-24 03:43:00,0.104
2026-08-24 03:44:00,0.074
2026-08-24 03:45:00,0.09
2026-08-24 03:46:00,1.799
2026-08-24 03:47:00,1.766
2026-08-24 03:48:00,1.818
2026-08-24 03:49:00,1.808
2026-08-24 03:50:00,1.767
2026-08-24 03:51:00,1.813
2026-08-24 03:52:00,1.772
2026-08-24 03:53:00,1.799
2026-08-24 03:54:00,1.771
2026-08-24 03:55:00,1.765
2026-08-24 03:56:00,5.983
2026-08-24 03:57:00,6.101
2026-08-24 03:58:00,5.983
2026-08-24 03:59:00,6.026
2026-08-24 04:00:00,6.07
2026-08-24 04:01:00,6.01
2026-08-24 04:02:00,5.92
2026-08-24 04:03:00,6.01
2026-08-24 04:04:00,6.016
2026-08-24 04:05:00,5.928
2026-08-24 04:06:00,6.119
2026-08-24 04:07:00,5.999
2026-08-24 04:08:00,6.114
2026-08-24 04:09:00,5.904
2026-08-24 04:10:00,6.035
2026-08-24 04:11:00,8.942
2026-08-24 04:12:00,8.783
2026-08-24 04:13:00,8.682
2026-08-24 04:14:00,8.93
2026-08-24 04:15:00,8.843
2026-08-24 04:16:00,8.647
2026-08-24 04:17:00,8.764
2026-08-24 04:18:00,8.819
2026-08-24 04:19:00,8.949
2026-08-24 04:20:00,8.661
2026-08-24 04:21:00,8.682
2026-08-24 04:22:00,8.919
2026-08-24 04:23:00,8.892
2026-08-24 04:24:00,8.682
2026-08-24 04:25:00,8.736
2026-08-24 04:26:00,5.798
2026-08-24 04:27:00,5.868
2026-08-24 04:28:00,5.823
2026-08-24 04:29:00,5.869
2026-08-24 04:30:00,5.805
2026-08-24 04:31:00,5.816
2026-08-24 04:32:00,5.959
2026-08-24 04:33:00,5.955
2026-08-24 04:34:00,5.93
2026-08-24 04:35:00,5.826
2026-08-24 04:36:00,5.951
2026-08-24 04:37:00,5.918
2026-08-24 04:38:00,5.856
2026-08-24 04:39:00,5.905
2026-08-24 04:40:00,5.839
2026-08-24 04:41:00,8.588
2026-08-24 04:42:00,8.567
2026-08-24 04:43:00,8.439
2026-08-24 04:44:00,8.443
2026-08-24 04:45:00,8.706
2026-08-24 04:46:00,8.546
2026-08-24 04:47:00,8.615
2026-08-24 04:48:00,8.632
2026-08-24 04:49:00,8.426
2026-08-24 04:50:00,8.636
2026-08-24 04:51:00,8.676
2026-08-24 04:52:00,8.538
2026-08-24 04:53:00,8.588
2026-08-24 04:54:00,8.474
2026-08-24 04:55:00,8.483
2026-08-24 04:56:00,5.008
2026-08-24 04:57:00,5.034
2026-08-24 04:58:00,4.912
2026-08-24 04:59:00,5.03
2026-08-24 05:00:00,4.867
2026-08-24 05:01:00,4.869
2026-08-24 05:02:00,4.866
2026-08-24 05:03:00,4.883
2026-08-24 05:04:00,5.008
2026-08-24 05:05:00,4.951
2026-08-24 05:06:00,4.937
2026-08-24 05:07:00,4.97
2026-08-24 05:08:00,4.935
2026-08-24 05:09:00,4.967
2026-08-24 05:10:00,4.954
2026-08-24 05:11:00,4.63
2026-08-24 05:12:00,4.534
2026-08-24 05:13:00,4.635
2026-08-24 05:14:00,4.513
2026-08-24 05:15:00,4.662
2026-08-24 05:16:00,4.502
2026-08-24 05:17:00,4.503
2026-08-24 05:18:00,4.614
2026-08-24 05:19:00,4.624
2026-08-24 05:20:00,4.525
2026-08-24 05:21:00,4.576
2026-08-24 05:22:00,4.583
2026-08-24 05:23:00,4.671
2026-08-24 05:24:00,4.55
2026-08-24 05:25:00,4.558
2026-08-24 05:26:00,11.861
2026-08-24 05:27:00,11.482
2026-08-24 05:28:00,11.516
2026-08-24 05:29:00,11.839
2026-08-24 05:30:00,11.584
2026-08-24 05:31:00,11.544
2026-08-24 05:32:00,11.657
2026-08-24 05:33:00,11.718
2026-08-24 05:34:00,11.86
2026-08-24 05:35:00,11.714
2026-08-24 05:36:00,2.183
2026-08-24 05:37:00,2.216
2026-08-24 05:38:00,2.17
2026-08-24 05:39:00,2.192
2026-08-24 05:40:00,2.168
2026-08-24 05:41:00,2.217
2026-08-24 05:42:00,2.196
2026-08-24 05:43:00,2.23
2026-08-24 05:44:00,2.219
2026-08-24 05:45:00,2.228
2026-08-24 05:46:00,2.193
2026-08-24 05:47:00,2.223
2026-08-24 05:48:00,2.241
2026-08-24 05:49:00,2.218
2026-08-24 05:50:00,2.232
2026-08-24 05:51:00,2.132
2026-08-24 05:52:00,2.136
2026-08-24 05:53:00,2.135
2026-08-24 05:54:00,2.126
2026-08-24 05:55:00,2.112
2026-08-24 05:56:00,2.174
2026-08-24 05:57:00,2.16
2026-08-24 05:58:00,2.151
2026-08-24 05:59:00,2.179
2026-08-24 06:00:00,2.181
2026-08-24 06:01:00,2.128
2026-08-24 06:02:00,2.182
2026-08-24 06:03:00,2.187
2026-08-24 06:04:00,2.168
2026-08-24 06:05:00,2.165
2026-08-24 06:06:00,10.446
2026-08-24 06:07:00,10.418
2026-08-24 06:08:00,10.418
2026-08-24 06:09:00,10.237
2026-08-24 06:10:00,10.129
2026-08-24 06:11:00,10.351
2026-08-24 06:12:00,0.053
2026-08-24 06:13:00,0.08
2026-08-24 06:14:00,0.109
2026-08-24 06:15:00,0.043
2026-08-24 06:16:00,0.057
2026-08-24 06:17:00,0.069
2026-08-24 06:18:00,0.066
2026-08-24 06:19:00,0.082
2026-08-24 06:20:00,0.044
2026-08-24 06:21:00,0.102
2026-08-24 06:22:00,0.086
2026-08-24 06:23:00,0.04
2026-08-24 06:24:00,0.117
2026-08-24 06:25:00,0.091
2026-08-24 06:26:00,0.058
2026-08-24 06:27:00,0.097
2026-08-24 06:28:00,0.071
2026-08-24 06:29:00,0.094
2026-08-24 06:30:00,0.08
2026-08-24 06:31:00,6.331
2026-08-24 06:32:00,6.385
2026-08-24 06:33:00,6.391
2026-08-24 06:34:00,6.31
2026-08-24 06:35:00,6.311
2026-08-24 06:36:00,6.316
2026-08-24 06:37:00,6.327
2026-08-24 06:38:00,6.418
2026-08-24 06:39:00,6.293
2026-08-24 06:40:00,6.408
2026-08-24 06:41:00,6.369
2026-08-24 06:42:00,6.271
2026-08-24 06:43:00,6.298
2026-08-24 06:44:00,6.23
2026-08-24 06:45:00,6.253
2026-08-24 06:46:00,6.325
2026-08-24 06:47:00,0.105
2026-08-24 06:48:00,1.376
2026-08-24 06:49:00,1.367
2026-08-24 06:50:00,1.354
2026-08-24 06:51:00,1.354
2026-08-24 06:52:00,1.379
2026-08-24 06:53:00,1.379
2026-08-24 06:54:00,1.373
2026-08-24 06:55:00,1.348
2026-08-24 06:56:00,1.375
2026-08-24 06:57:00,1.381
2026-08-24 06:58:00,1.4
2026-08-24 06:59:00,1.378
2026-08-24 07:00:00,1.375
2026-08-24 07:01:00,1.38
2026-08-24 07:02:00,1.399
2026-08-24 07:03:00,1.368
2026-08-24 07:04:00,1.389
2026-08-24 07:05:00,1.363
2026-08-24 07:06:00,1.362
2026-08-24 07:07:00,1.388
2026-08-24 07:08:00,1.38
2026-08-24 07:09:00,1.361
2026-08-24 07:10:00,1.382
2026-08-24 07:11:00,1.367
2026-08-24 07:12:00,1.378
2026-08-24 07:13:00,1.369
2026-08-24 07:14:00,1.357
2026-08-24 07:15:00,1.349
2026-08-24 07:16:00,1.398
2026-08-24 07:17:00,1.393
2026-08-24 07:18:00,1.392
2026-08-24 07:19:00,0.12
2026-08-24 07:20:00,5.96
2026-08-24 07:21:00,6.015
2026-08-24 07:22:00,5.899
2026-08-24 07:23:00,6.038
2026-08-24 07:24:00,5.933
2026-08-24 07:25:00,6.013
2026-08-24 07:26:00,5.875
2026-08-24 07:27:00,6.05
2026-08-24 07:28:00,5.939
2026-08-24 07:29:00,5.959
2026-08-24 07:30:00,6.035
2026-08-24 07:31:00,6.1
2026-08-24 07:32:00,5.892
2026-08-24 07:33:00,6.067
2026-08-24 07:34:00,6.048
2026-08-24 07:35:00,5.891
2026-08-24 07:36:00,0.062
2026-08-24 07:37:00,0.79
2026-08-24 07:38:00,0.804
2026-08-24 07:39:00,0.808
2026-08-24 07:40:00,0.785
2026-08-24 07:41:00,0.813
2026-08-24 07:42:00,0.793
2026-08-24 07:43:00,0.81
2026-08-24 07:44:00,0.805
2026-08-24 07:45:00,0.803
2026-08-24 07:46:00,0.785
2026-08-24 07:47:00,0.808
2026-08-24 07:48:00,0.793
2026-08-24 07:49:00,0.812
2026-08-24 07:50:00,0.798
2026-08-24 07:51:00,0.801
2026-08-24 07:52:00,0.812
2026-08-24 07:53:00,0.061
2026-08-24 07:54:00,5.864
2026-08-24 07:55:00,6.019
2026-08-24 07:56:00,5.908
2026-08-24 07:57:00,5.974
2026-08-24 07:58:00,0.118
2026-08-24 07:59:00,5.968
2026-08-24 08:00:00,6.109
2026-08-24 08:01:00,6.067
2026-08-24 08:02:00,6.072
2026-08-24 08:03:00,0.063
2026-08-24 08:04:00,6.043
2026-08-24 08:05:00,6.067
2026-08-24 08:06:00,5.963
2026-08-24 08:07:00,0.06
2026-08-24 08:08:00,5.886
2026-08-24 08:09:00,6.051
2026-08-24 08:10:00,5.924
2026-08-24 08:11:00,0.04
2026-08-24 08:12:00,5.965
2026-08-24 08:13:00,6.025
2026-08-24 08:14:00,5.848
2026-08-24 08:15:00,0.102
2026-08-24 08:16:00,6.068
2026-08-24 08:17:00,5.988
2026-08-24 08:18:00,6.005
2026-08-24 08:19:00,0.041
2026-08-24 08:20:00,3.789
2026-08-24 08:21:00,3.858
2026-08-24 08:22:00,3.767
2026-08-24 08:23:00,0.081
2026-08-24 08:24:00,0.071
2026-08-24 08:25:00,0.106
2026-08-24 08:26:00,0.09
2026-08-24 08:27:00,0.095
2026-08-24 08:28:00,0.081
2026-08-24 08:29:00,0.108
2026-08-24 08:30:00,0.083
2026-08-24 08:31:00,0.115
2026-08-24 08:32:00,0.043
2026-08-24 08:33:00,0.054
2026-08-24 08:34:00,0.118
2026-08-24 08:35:00,0.095
2026-08-24 08:36:00,0.102
2026-08-24 08:37:00,0.064
2026-08-24 08:38:00,0.091
2026-08-24 08:39:00,0.12
2026-08-24 08:40:00,0.075
2026-08-24 08:41:00,0.079
2026-08-24 08:42:00,0.083
2026-08-24 08:43:00,0.092
2026-08-24 08:44:00,0.09
2026-08-24 08:45:00,0.095
2026-08-24 08:46:00,0.091
2026-08-24 08:47:00,0.072
2026-08-24 08:48:00,0.065
2026-08-24 08:49:00,0.048
2026-08-24 08:50:00,0.053
2026-08-24 08:51:00,0.099
2026-08-24 08:52:00,0.062
2026-08-24 08:53:00,0.054
2026-08-24 08:54:00,0.108
2026-08-24 08:55:00,0.064
2026-08-24 08:56:00,0.065
2026-08-24 08:57:00,0.117
2026-08-24 08:58:00,0.068
2026-08-24 08:59:00,0.095
2026-08-24 09:00:00,0.06
2026-08-24 09:01:00,0.045
2026-08-24 09:02:00,0.081
2026-08-24 09:03:00,0.063
2026-08-24 09:04:00,0.114
2026-08-24 09:05:00,0.087
2026-08-24 09:06:00,0.077
2026-08-24 09:07:00,0.077
2026-08-24 09:08:00,0.105
2026-08-24 09:09:00,0.104
2026-08-24 09:10:00,0.087
2026-08-24 09:11:00,0.053
2026-08-24 09:12:00,0.114
2026-08-24 09:13:00,0.077
2026-08-24 09:14:00,0.106
2026-08-24 09:15:00,0.1
2026-08-24 09:16:00,0.041
2026-08-24 09:17:00,0.05
2026-08-24 09:18:00,0.106
2026-08-24 09:19:00,0.09
2026-08-24 09:20:00,0.077
2026-08-24 09:21:00,0.089
2026-08-24 09:22:00,0.044
2026-08-24 09:23:00,0.053
2026-08-24 09:24:00,0.058
2026-08-24 09:25:00,0.095
2026-08-24 09:26:00,0.1
2026-08-24 09:27:00,0.09
2026-08-24 09:28:00,0.094
2026-08-24 09:29:00,0.086
2026-08-24 09:30:00,0.067
2026-08-24 09:31:00,0.072
2026-08-24 09:32:00,0.067
2026-08-24 09:33:00,0.105
2026-08-24 09:34:00,0.101
2026-08-24 09:35:00,0.093
2026-08-24 09:36:00,0.106
2026-08-24 09:37:00,0.092
2026-08-24 09:38:00,0.104
2026-08-24 09:39:00,0.052
2026-08-24 09:40:00,0.073
2026-08-24 09:41:00,0.102
2026-08-24 09:42:00,0.065
2026-08-24 09:43:00,0.107
2026-08-24 09:44:00,0.046
2026-08-24 09:45:00,0.078
2026-08-24 09:46:00,0.118
2026-08-24 09:47:00,0.097
2026-08-24 09:48:00,0.119
2026-08-24 09:49:00,0.053
2026-08-24 09:50:00,0.047
2026-08-24 09:51:00,0.095
2026-08-24 09:52:00,0.101
2026-08-24 09:53:00,0.114
2026-08-24 09:54:00,0.062
2026-08-24 09:55:00,0.09
2026-08-24 09:56:00,0.113
2026-08-24 09:57:00,0.099
2026-08-24 09:58:00,0.067
2026-08-24 09:59:00,0.112
2026-08-24 10:00:00,0.063
2026-08-24 10:01:00,0.063
2026-08-24 10:02:00,0.085
2026-08-24 10:03:00,0.116
2026-08-24 10:04:00,0.094
2026-08-24 10:05:00,0.085
2026-08-24 10:06:00,0.055
2026-08-24 10:07:00,0.104
2026-08-24 10:08:00,0.079
2026-08-24 10:09:00,0.104
2026-08-24 10:10:00,0.105
2026-08-24 10:11:00,0.075
2026-08-24 10:12:00,0.076
2026-08-24 10:13:00,0.066
2026-08-24 10:14:00,0.046
2026-08-24 10:15:00,0.092
2026-08-24 10:16:00,0.095
2026-08-24 10:17:00,0.073
2026-08-24 10:18:00,0.1
2026-08-24 10:19:00,0.08
2026-08-24 10:20:00,0.083
2026-08-24 10:21:00,0.053
2026-08-24 10:22:00,0.054
2026-08-24 10:23:00,0.102
2026-08-24 10:24:00,0.054
2026-08-24 10:25:00,0.041
2026-08-24 10:26:00,0.091
2026-08-24 10:27:00,0.116
2026-08-24 10:28:00,0.082
2026-08-24 10:29:00,0.09
2026-08-24 10:30:00,0.04
2026-08-24 10:31:00,0.08
2026-08-24 10:32:00,0.072
2026-08-24 10:33:00,0.104
2026-08-24 10:34:00,0.044
2026-08-24 10:35:00,0.091
2026-08-24 10:36:00,0.105
2026-08-24 10:37:00,0.047
2026-08-24 10:38:00,0.114
2026-08-24 10:39:00,0.109
2026-08-24 10:40:00,0.086
2026-08-24 10:41:00,0.046
2026-08-24 10:42:00,0.106
2026-08-24 10:43:00,0.103
2026-08-24 10:44:00,0.115
2026-08-24 10:45:00,0.072
2026-08-24 10:46:00,0.112
2026-08-24 10:47:00,0.057
2026-08-24 10:48:00,0.114
2026-08-24 10:49:00,0.063
2026-08-24 10:50:00,0.114
2026-08-24 10:51:00,0.064
2026-08-24 10:52:00,0.063
2026-08-24 10:53:00,0.106
2026-08-24 10:54:00,0.051
2026-08-24 10:55:00,0.084
2026-08-24 10:56:00,0.082
2026-08-24 10:57:00,0.078
2026-08-24 10:58:00,0.078
2026-08-24 10:59:00,0.096
2026-08-24 11:00:00,0.072
2026-08-24 11:01:00,0.073
2026-08-24 11:02:00,0.113
2026-08-24 11:03:00,0.099
2026-08-24 11:04:00,0.091
2026-08-24 11:05:00,0.111
2026-08-24 11:06:00,0.105
2026-08-24 11:07:00,0.119
2026-08-24 11:08:00,0.115
2026-08-24 11:09:00,0.08
2026-08-24 11:10:00,0.073
2026-08-24 11:11:00,0.077
2026-08-24 11:12:00,0.087
2026-08-24 11:13:00,0.046
2026-08-24 11:14:00,0.094
2026-08-24 11:15:00,0.066
2026-08-24 11:16:00,0.044
2026-08-24 11:17:00,0.099
2026-08-24 11:18:00,0.088
2026-08-24 11:19:00,0.044
2026-08-24 11:20:00,0.069
2026-08-24 11:21:00,0.052
2026-08-24 11:22:00,0.061
2026-08-24 11:23:00,0.078
2026-08-24 11:24:00,0.078
2026-08-24 11:25:00,0.056
2026-08-24 11:26:00,0.062
2026-08-24 11:27:00,0.048
2026-08-24 11:28:00,0.084
2026-08-24 11:29:00,0.074
2026-08-24 11:30:00,0.09
2026-08-24 11:31:00,0.046
2026-08-24 11:32:00,0.043
2026-08-24 11:33:00,0.043
2026-08-24 11:34:00,0.041
2026-08-24 11:35:00,0.112
2026-08-24 11:36:00,0.119
2026-08-24 11:37:00,0.072
2026-08-24 11:38:00,0.113
2026-08-24 11:39:00,0.097
2026-08-24 11:40:00,0.11
2026-08-24 11:41:00,0.061
2026-08-24 11:42:00,0.064
2026-08-24 11:43:00,0.094
2026-08-24 11:44:00,0.119
2026-08-24 11:45:00,0.04
2026-08-24 11:46:00,0.097
2026-08-24 11:47:00,0.11
2026-08-24 11:48:00,0.046
2026-08-24 11:49:00,0.114
2026-08-24 11:50:00,0.098
2026-08-24 11:51:00,0.094
2026-08-24 11:52:00,0.117
2026-08-24 11:53:00,0.051
2026-08-24 11:54:00,0.086
2026-08-24 11:55:00,0.088
2026-08-24 11:56:00,0.12
2026-08-24 11:57:00,0.09
2026-08-24 11:58:00,0.051
2026-08-24 11:59:00,0.118
2026-08-24 12:00:00,0.108
2026-08-24 12:01:00,0.089
2026-08-24 12:02:00,0.079
2026-08-24 12:03:00,0.042
2026-08-24 12:04:00,0.043
2026-08-24 12:05:00,0.06
2026-08-24 12:06:00,0.118
2026-08-24 12:07:00,0.056
2026-08-24 12:08:00,0.111
2026-08-24 12:09:00,0.062
2026-08-24 12:10:00,0.07
2026-08-24 12:11:00,0.101
2026-08-24 12:12:00,0.048
2026-08-24 12:13:00,0.049
2026-08-24 12:14:00,0.086
2026-08-24 12:15:00,0.044
2026-08-24 12:16:00,0.044
2026-08-24 12:17:00,0.089
2026-08-24 12:18:00,0.105
2026-08-24 12:19:00,0.119
2026-08-24 12:20:00,0.077
2026-08-24 12:21:00,0.071
2026-08-24 12:22:00,0.089
2026-08-24 12:23:00,0.084
2026-08-24 12:24:00,0.046
2026-08-24 12:25:00,0.079
2026-08-24 12:26:00,0.095
2026-08-24 12:27:00,0.075
2026-08-24 12:28:00,0.072
2026-08-24 12:29:00,0.102
2026-08-24 12:30:00,0.086
2026-08-24 12:31:00,0.054
2026-08-24 12:32:00,0.117
2026-08-24 12:33:00,0.066
2026-08-24 12:34:00,0.113
2026-08-24 12:35:00,0.056
2026-08-24 12:36:00,0.054
2026-08-24 12:37:00,0.089
2026-08-24 12:38:00,0.062
2026-08-24 12:39:00,0.107
2026-08-24 12:40:00,0.049
2026-08-24 12:41:00,0.082
2026-08-24 12:42:00,0.063
2026-08-24 12:43:00,0.06
2026-08-24 12:44:00,0.096
2026-08-24 12:45:00,0.054
2026-08-24 12:46:00,0.074
2026-08-24 12:47:00,0.084
2026-08-24 12:48:00,0.041
2026-08-24 12:49:00,0.06
2026-08-24 12:50:00,0.07
2026-08-24 12:51:00,0.112
2026-08-24 12:52:00,0.104
2026-08-24 12:53:00,0.069
2026-08-24 12:54:00,0.068
2026-08-24 12:55:00,0.046
2026-08-24 12:56:00,0.074
2026-08-24 12:57:00,0.08
2026-08-24 12:58:00,0.073
2026-08-24 12:59:00,0.119
2026-08-24 13:00:00,0.11
2026-08-24 13:01:00,0.095
2026-08-24 13:02:00,0.095
2026-08-24 13:03:00,0.054
2026-08-24 13:04:00,0.06
2026-08-24 13:05:00,0.076
2026-08-24 13:06:00,0.065
2026-08-24 13:07:00,0.114
2026-08-24 13:08:00,0.067
2026-08-24 13:09:00,0.085
2026-08-24 13:10:00,0.051
2026-08-24 13:11:00,0.114
2026-08-24 13:12:00,0.108
2026-08-24 13:13:00,0.058
2026-08-24 13:14:00,0.1
2026-08-24 13:15:00,0.08
2026-08-24 13:16:00,0.076
2026-08-24 13:17:00,0.109
2026-08-24 13:18:00,0.067
2026-08-24 13:19:00,0.09
2026-08-24 13:20:00,0.115
2026-08-24 13:21:00,0.107
2026-08-24 13:22:00,0.064
2026-08-24 13:23:00,0.084
2026-08-24 13:24:00,0.103
2026-08-24 13:25:00,0.114
2026-08-24 13:26:00,0.104
2026-08-24 13:27:00,0.088
2026-08-24 13:28:00,0.053
2026-08-24 13:29:00,0.083
2026-08-24 13:30:00,0.088
2026-08-24 13:31:00,0.074
2026-08-24 13:32:00,0.058
2026-08-24 13:33:00,0.095
2026-08-24 13:34:00,0.106
2026-08-24 13:35:00,0.111
2026-08-24 13:36:00,0.043
2026-08-24 13:37:00,0.076
2026-08-24 13:38:00,0.087
2026-08-24 13:39:00,0.061
2026-08-24 13:40:00,0.087
2026-08-24 13:41:00,0.064
2026-08-24 13:42:00,0.084
2026-08-24 13:43:00,0.086
2026-08-24 13:44:00,0.094
2026-08-24 13:45:00,0.084
2026-08-24 13:46:00,0.108
2026-08-24 13:47:00,0.045
2026-08-24 13:48:00,0.099
2026-08-24 13:49:00,0.115
2026-08-24 13:50:00,0.046
2026-08-24 13:51:00,0.052
2026-08-24 13:52:00,0.107
2026-08-24 13:53:00,0.109
2026-08-24 13:54:00,0.041
2026-08-24 13:55:00,0.088
2026-08-24 13:56:00,0.064
2026-08-24 13:57:00,0.117
2026-08-24 13:58:00,0.087
2026-08-24 13:59:00,0.077
2026-08-24 14:00:00,0.103
2026-08-24 14:01:00,0.045
2026-08-24 14:02:00,0.049
2026-08-24 14:03:00,0.051
2026-08-24 14:04:00,0.113
2026-08-24 14:05:00,0.076
2026-08-24 14:06:00,0.089
2026-08-24 14:07:00,0.092
2026-08-24 14:08:00,0.079
2026-08-24 14:09:00,0.069
2026-08-24 14:10:00,0.053
2026-08-24 14:11:00,0.116
2026-08-24 14:12:00,0.047
2026-08-24 14:13:00,0.114
2026-08-24 14:14:00,0.061
2026-08-24 14:15:00,0.105
2026-08-24 14:16:00,0.084
2026-08-24 14:17:00,0.1
2026-08-24 14:18:00,0.097
2026-08-24 14:19:00,0.093
2026-08-24 14:20:00,0.086
2026-08-24 14:21:00,0.078
2026-08-24 14:22:00,0.09
2026-08-24 14:23:00,0.078
2026-08-24 14:24:00,0.086
2026-08-24 14:25:00,0.073
2026-08-24 14:26:00,0.074
2026-08-24 14:27:00,0.071
2026-08-24 14:28:00,0.067
2026-08-24 14:29:00,0.058
2026-08-24 14:30:00,0.048
2026-08-24 14:31:00,0.113
2026-08-24 14:32:00,0.057
2026-08-24 14:33:00,0.088
2026-08-24 14:34:00,0.106
2026-08-24 14:35:00,0.097
2026-08-24 14:36:00,0.043
2026-08-24 14:37:00,0.117
2026-08-24 14:38:00,0.117
2026-08-24 14:39:00,0.065
2026-08-24 14:40:00,0.094
2026-08-24 14:41:00,0.105
2026-08-24 14:42:00,0.04
2026-08-24 14:43:00,0.076
2026-08-24 14:44:00,0.053
2026-08-24 14:45:00,0.064
2026-08-24 14:46:00,0.106
2026-08-24 14:47:00,0.091
2026-08-24 14:48:00,0.107
2026-08-24 14:49:00,0.051
2026-08-24 14:50:00,0.078
2026-08-24 14:51:00,0.06
2026-08-24 14:52:00,0.091
2026-08-24 14:53:00,0.112
2026-08-24 14:54:00,0.062
2026-08-24 14:55:00,0.071
2026-08-24 14:56:00,0.114
2026-08-24 14:57:00,0.051
2026-08-24 14:58:00,0.041
2026-08-24 14:59:00,0.118
2026-08-24 15:00:00,0.043
2026-08-24 15:01:00,0.059
2026-08-24 15:02:00,0.08
2026-08-24 15:03:00,0.055
2026-08-24 15:04:00,0.101
2026-08-24 15:05:00,0.103
2026-08-24 15:06:00,0.091
2026-08-24 15:07:00,0.115
2026-08-24 15:08:00,0.068
2026-08-24 15:09:00,0.085
2026-08-24 15:10:00,0.042
2026-08-24 15:11:00,0.051
2026-08-24 15:12:00,0.085
2026-08-24 15:13:00,0.118
2026-08-24 15:14:00,0.084
2026-08-24 15:15:00,0.113
2026-08-24 15:16:00,0.063
2026-08-24 15:17:00,0.052
2026-08-24 15:18:00,0.081
2026-08-24 15:19:00,0.119
2026-08-24 15:20:00,0.062
2026-08-24 15:21:00,0.05
2026-08-24 15:22:00,0.063
2026-08-24 15:23:00,0.117
2026-08-24 15:24:00,0.06
2026-08-24 15:25:00,0.114
2026-08-24 15:26:00,0.085
2026-08-24 15:27:00,0.051
2026-08-24 15:28:00,0.083
2026-08-24 15:29:00,0.061
2026-08-24 15:30:00,0.099
2026-08-24 15:31:00,0.05
2026-08-24 15:32:00,0.096
2026-08-24 15:33:00,0.073
2026-08-24 15:34:00,0.096
2026-08-24 15:35:00,0.075
2026-08-24 15:36:00,0.049
2026-08-24 15:37:00,0.063
2026-08-24 15:38:00,0.076
2026-08-24 15:39:00,0.106
2026-08-24 15:40:00,0.057
2026-08-24 15:41:00,0.112
2026-08-24 15:42:00,0.058
2026-08-24 15:43:00,0.107
2026-08-24 15:44:00,0.04
2026-08-24 15:45:00,0.09
2026-08-24 15:46:00,0.103
2026-08-24 15:47:00,0.056
2026-08-24 15:48:00,0.045
2026-08-24 15:49:00,0.042
2026-08-24 15:50:00,0.069
2026-08-24 15:51:00,0.101
2026-08-24 15:52:00,0.042
2026-08-24 15:53:00,0.055
2026-08-24 15:54:00,0.064
2026-08-24 15:55:00,0.053
2026-08-24 15:56:00,0.069
2026-08-24 15:57:00,0.092
2026-08-24 15:58:00,0.065
2026-08-24 15:59:00,0.074
2026-08-24 16:00:00,0.117
2026-08-24 16:01:00,0.09
2026-08-24 16:02:00,0.047
2026-08-24 16:03:00,0.063
2026-08-24 16:04:00,0.1
2026-08-24 16:05:00,0.115
2026-08-24 16:06:00,0.071
2026-08-24 16:07:00,0.104
2026-08-24 16:08:00,0.068
2026-08-24 16:09:00,0.11
2026-08-24 16:10:00,0.056
2026-08-24 16:11:00,0.084
2026-08-24 16:12:00,0.094
2026-08-24 16:13:00,0.115
2026-08-24 16:14:00,0.06
2026-08-24 16:15:00,0.088
2026-08-24 16:16:00,0.099
2026-08-24 16:17:00,0.049
2026-08-24 16:18:00,0.056
2026-08-24 16:19:00,0.11
2026-08-24 16:20:00,0.059
2026-08-24 16:21:00,0.065
2026-08-24 16:22:00,0.058
2026-08-24 16:23:00,0.107
2026-08-24 16:24:00,0.087
2026-08-24 16:25:00,0.11
2026-08-24 16:26:00,0.098
2026-08-24 16:27:00,0.07
2026-08-24 16:28:00,0.084
2026-08-24 16:29:00,0.075
2026-08-24 16:30:00,0.087
2026-08-24 16:31:00,0.072
2026-08-24 16:32:00,0.091
2026-08-24 16:33:00,0.087
2026-08-24 16:34:00,0.043
2026-08-24 16:35:00,0.09
2026-08-24 16:36:00,0.099
2026-08-24 16:37:00,0.11
2026-08-24 16:38:00,0.042
2026-08-24 16:39:00,0.069
2026-08-24 16:40:00,0.115
2026-08-24 16:41:00,0.073
2026-08-24 16:42:00,0.104
2026-08-24 16:43:00,0.083
2026-08-24 16:44:00,0.07
2026-08-24 16:45:00,0.041
2026-08-24 16:46:00,0.046
2026-08-24 16:47:00,0.044
2026-08-24 16:48:00,0.073
2026-08-24 16:49:00,0.071
2026-08-24 16:50:00,0.104
2026-08-24 16:51:00,0.055
2026-08-24 16:52:00,0.095
2026-08-24 16:53:00,0.056
2026-08-24 16:54:00,0.094
2026-08-24 16:55:00,0.119
2026-08-24 16:56:00,0.111
2026-08-24 16:57:00,0.106
2026-08-24 16:58:00,0.099
2026-08-24 16:59:00,0.07
2026-08-24 17:00:00,0.045
2026-08-24 17:01:00,0.043
2026-08-24 17:02:00,0.099
2026-08-24 17:03:00,0.095
2026-08-24 17:04:00,0.111
2026-08-24 17:05:00,0.05
2026-08-24 17:06:00,0.05
2026-08-24 17:07:00,0.041
2026-08-24 17:08:00,0.07
2026-08-24 17:09:00,0.045
2026-08-24 17:10:00,0.107
2026-08-24 17:11:00,0.052
2026-08-24 17:12:00,0.101
2026-08-24 17:13:00,0.105
2026-08-24 17:14:00,0.059
2026-08-24 17:15:00,0.071
2026-08-24 17:16:00,0.091
2026-08-24 17:17:00,0.099
2026-08-24 17:18:00,0.113
2026-08-24 17:19:00,0.062
2026-08-24 17:20:00,0.082
2026-08-24 17:21:00,0.115
2026-08-24 17:22:00,0.048
2026-08-24 17:23:00,0.051
2026-08-24 17:24:00,0.075
2026-08-24 17:25:00,0.098
2026-08-24 17:26:00,0.044
2026-08-24 17:27:00,0.12
2026-08-24 17:28:00,0.06
2026-08-24 17:29:00,0.101
2026-08-24 17:30:00,0.084
2026-08-24 17:31:00,0.049
2026-08-24 17:32:00,0.102
2026-08-24 17:33:00,0.079
2026-08-24 17:34:00,0.068
2026-08-24 17:35:00,0.067
2026-08-24 17:36:00,0.116
2026-08-24 17:37:00,0.103
2026-08-24 17:38:00,0.069
2026-08-24 17:39:00,0.041
2026-08-24 17:40:00,0.081
2026-08-24 17:41:00,0.058
2026-08-24 17:42:00,0.103
2026-08-24 17:43:00,0.052
2026-08-24 17:44:00,0.044
2026-08-24 17:45:00,0.046
2026-08-24 17:46:00,0.077
2026-08-24 17:47:00,0.112
2026-08-24 17:48:00,0.072
2026-08-24 17:49:00,0.048
2026-08-24 17:50:00,0.059
2026-08-24 17:51:00,0.105
2026-08-24 17:52:00,0.081
2026-08-24 17:53:00,0.107
2026-08-24 17:54:00,0.051
2026-08-24 17:55:00,0.069
2026-08-24 17:56:00,0.094
2026-08-24 17:57:00,0.1
2026-08-24 17:58:00,0.079
2026-08-24 17:59:00,0.085
2026-08-24 18:00:00,0.069
2026-08-24 18:01:00,0.077
2026-08-24 18:02:00,0.072
2026-08-24 18:03:00,0.099
2026-08-24 18:04:00,0.056
2026-08-24 18:05:00,0.054
2026-08-24 18:06:00,0.064
2026-08-24 18:07:00,0.108
2026-08-24 18:08:00,0.113
2026-08-24 18:09:00,0.096
2026-08-24 18:10:00,0.065
2026-08-24 18:11:00,0.113
2026-08-24 18:12:00,0.05
2026-08-24 18:13:00,0.11
2026-08-24 18:14:00,0.091
2026-08-24 18:15:00,0.064
2026-08-24 18:16:00,0.078
2026-08-24 18:17:00,0.062
2026-08-24 18:18:00,0.077
2026-08-24 18:19:00,0.046
2026-08-24 18:20:00,0.059
2026-08-24 18:21:00,0.07
2026-08-24 18:22:00,0.106
2026-08-24 18:23:00,0.091
2026-08-24 18:24:00,0.094
2026-08-24 18:25:00,0.102
2026-08-24 18:26:00,0.078
2026-08-24 18:27:00,0.061
2026-08-24 18:28:00,0.095
2026-08-24 18:29:00,0.117
2026-08-24 18:30:00,0.109
2026-08-24 18:31:00,0.069
2026-08-24 18:32:00,0.066
2026-08-24 18:33:00,0.104
2026-08-24 18:34:00,0.082
2026-08-24 18:35:00,0.09
2026-08-24 18:36:00,0.078
2026-08-24 18:37:00,0.104
2026-08-24 18:38:00,0.099
2026-08-24 18:39:00,0.057
2026-08-24 18:40:00,0.103
2026-08-24 18:41:00,0.085
2026-08-24 18:42:00,0.042
2026-08-24 18:43:00,0.094
2026-08-24 18:44:00,0.069
2026-08-24 18:45:00,0.07
2026-08-24 18:46:00,0.113
2026-08-24 18:47:00,0.08
2026-08-24 18:48:00,0.045
2026-08-24 18:49:00,0.087
2026-08-24 18:50:00,0.06
2026-08-24 18:51:00,0.053
2026-08-24 18:52:00,0.071
2026-08-24 18:53:00,0.056
2026-08-24 18:54:00,0.095
2026-08-24 18:55:00,0.058
2026-08-24 18:56:00,0.057
2026-08-24 18:57:00,0.118
2026-08-24 18:58:00,0.054
2026-08-24 18:59:00,0.112
2026-08-24 19:00:00,0.115
2026-08-24 19:01:00,0.11
2026-08-24 19:02:00,0.105
2026-08-24 19:03:00,0.041
2026-08-24 19:04:00,0.089
2026-08-24 19:05:00,0.099
2026-08-24 19:06:00,0.056
2026-08-24 19:07:00,0.067
2026-08-24 19:08:00,0.074
2026-08-24 19:09:00,0.072
2026-08-24 19:10:00,0.045
2026-08-24 19:11:00,0.106
2026-08-24 19:12:00,0.078
2026-08-24 19:13:00,0.092
2026-08-24 19:14:00,0.046
2026-08-24 19:15:00,0.118
2026-08-24 19:16:00,0.079
2026-08-24 19:17:00,0.111
2026-08-24 19:18:00,0.11
2026-08-24 19:19:00,0.086
2026-08-24 19:20:00,0.058
2026-08-24 19:21:00,0.059
2026-08-24 19:22:00,0.107
2026-08-24 19:23:00,0.084
2026-08-24 19:24:00,0.096
2026-08-24 19:25:00,0.081
2026-08-24 19:26:00,0.048
2026-08-24 19:27:00,0.075
2026-08-24 19:28:00,0.057
2026-08-24 19:29:00,0.06
2026-08-24 19:30:00,0.106
2026-08-24 19:31:00,0.045
2026-08-24 19:32:00,0.12
2026-08-24 19:33:00,0.106
2026-08-24 19:34:00,0.102
2026-08-24 19:35:00,0.046
2026-08-24 19:36:00,0.047
2026-08-24 19:37:00,0.063
2026-08-24 19:38:00,0.094
2026-08-24 19:39:00,0.092
2026-08-24 19:40:00,0.077
2026-08-24 19:41:00,0.067
2026-08-24 19:42:00,0.115
2026-08-24 19:43:00,0.086
2026-08-24 19:44:00,0.1
2026-08-24 19:45:00,0.106
2026-08-24 19:46:00,0.085
2026-08-24 19:47:00,0.057
2026-08-24 19:48:00,0.111
2026-08-24 19:49:00,0.074
2026-08-24 19:50:00,0.087
2026-08-24 19:51:00,0.068
2026-08-24 19:52:00,0.104
2026-08-24 19:53:00,0.084
2026-08-24 19:54:00,0.061
2026-08-24 19:55:00,0.109
2026-08-24 19:56:00,0.096
2026-08-24 19:57:00,0.088
2026-08-24 19:58:00,0.091
2026-08-24 19:59:00,0.092
2026-08-24 20:00:00,0.091
2026-08-24 20:01:00,0.042
2026-08-24 20:02:00,0.081
2026-08-24 20:03:00,0.059
2026-08-24 20:04:00,0.089
2026-08-24 20:05:00,0.04
2026-08-24 20:06:00,0.113
2026-08-24 20:07:00,0.046
2026-08-24 20:08:00,0.042
2026-08-24 20:09:00,0.084
2026-08-24 20:10:00,0.061
2026-08-24 20:11:00,0.082
2026-08-24 20:12:00,0.095
2026-08-24 20:13:00,0.064
2026-08-24 20:14:00,0.063
2026-08-24 20:15:00,0.103
2026-08-24 20:16:00,0.062
2026-08-24 20:17:00,0.081
2026-08-24 20:18:00,0.047
2026-08-24 20:19:00,0.077
2026-08-24 20:20:00,0.051
2026-08-24 20:21:00,0.106
2026-08-24 20:22:00,0.108
2026-08-24 20:23:00,0.084
2026-08-24 20:24:00,0.119
2026-08-24 20:25:00,0.113
2026-08-24 20:26:00,0.085
2026-08-24 20:27:00,0.115
2026-08-24 20:28:00,0.083
2026-08-24 20:29:00,0.044
2026-08-24 20:30:00,0.047
2026-08-24 20:31:00,0.092
2026-08-24 20:32:00,0.07
2026-08-24 20:33:00,0.059
2026-08-24 20:34:00,0.11
2026-08-24 20:35:00,0.088
2026-08-24 20:36:00,0.091
2026-08-24 20:37:00,0.072
2026-08-24 20:38:00,0.054
2026-08-24 20:39:00,0.08
2026-08-24 20:40:00,0.047
2026-08-24 20:41:00,0.097
2026-08-24 20:42:00,0.061
2026-08-24 20:43:00,0.052
2026-08-24 20:44:00,0.104
2026-08-24 20:45:00,0.066
2026-08-24 20:46:00,0.067
2026-08-24 20:47:00,0.059
2026-08-24 20:48:00,0.09
2026-08-24 20:49:00,0.1
2026-08-24 20:50:00,0.102
2026-08-24 20:51:00,0.081
2026-08-24 20:52:00,0.114
2026-08-24 20:53:00,0.101
2026-08-24 20:54:00,0.061
2026-08-24 20:55:00,0.112
2026-08-24 20:56:00,0.071
2026-08-24 20:57:00,0.103
2026-08-24 20:58:00,0.105
2026-08-24 20:59:00,0.103
2026-08-24 21:00:00,0.119
2026-08-24 21:01:00,0.106
2026-08-24 21:02:00,0.084
2026-08-24 21:03:00,0.095
2026-08-24 21:04:00,0.054
2026-08-24 21:05:00,0.078
2026-08-24 21:06:00,0.041
2026-08-24 21:07:00,0.044
2026-08-24 21:08:00,0.048
2026-08-24 21:09:00,0.107
2026-08-24 21:10:00,0.061
2026-08-24 21:11:00,0.103
2026-08-24 21:12:00,0.064
2026-08-24 21:13:00,0.043
2026-08-24 21:14:00,0.04
2026-08-24 21:15:00,0.111
2026-08-24 21:16:00,0.053
2026-08-24 21:17:00,0.1
2026-08-24 21:18:00,0.082
2026-08-24 21:19:00,0.052
2026-08-24 21:20:00,0.06
2026-08-24 21:21:00,0.049
2026-08-24 21:22:00,0.061
2026-08-24 21:23:00,0.108
2026-08-24 21:24:00,0.046
2026-08-24 21:25:00,0.098
2026-08-24 21:26:00,0.051
2026-08-24 21:27:00,0.045
2026-08-24 21:28:00,0.12
2026-08-24 21:29:00,0.099
2026-08-24 21:30:00,0.047
2026-08-24 21:31:00,0.092
2026-08-24 21:32:00,0.079
2026-08-24 21:33:00,0.053
2026-08-24 21:34:00,0.069
2026-08-24 21:35:00,0.08
2026-08-24 21:36:00,0.095
2026-08-24 21:37:00,0.108
2026-08-24 21:38:00,0.088
2026-08-24 21:39:00,0.054
2026-08-24 21:40:00,0.051
2026-08-24 21:41:00,0.119
2026-08-24 21:42:00,0.094
2026-08-24 21:43:00,0.065
2026-08-24 21:44:00,0.048
2026-08-24 21:45:00,0.109
2026-08-24 21:46:00,0.105
2026-08-24 21:47:00,0.066
2026-08-24 21:48:00,0.102
2026-08-24 21:49:00,0.06
2026-08-24 21:50:00,0.087
2026-08-24 21:51:00,0.057
2026-08-24 21:52:00,0.08
2026-08-24 21:53:00,0.101
2026-08-24 21:54:00,0.096
2026-08-24 21:55:00,0.095
2026-08-24 21:56:00,0.084
2026-08-24 21:57:00,0.042
2026-08-24 21:58:00,0.088
2026-08-24 21:59:00,0.09
2026-08-24 22:00:00,0.054
2026-08-24 22:01:00,0.071
2026-08-24 22:02:00,0.079
2026-08-24 22:03:00,0.117
2026-08-24 22:04:00,0.047
2026-08-24 22:05:00,0.093
2026-08-24 22:06:00,0.052
2026-08-24 22:07:00,0.057
2026-08-24 22:08:00,0.077
2026-08-24 22:09:00,0.046
2026-08-24 22:10:00,0.104
2026-08-24 22:11:00,0.062
2026-08-24 22:12:00,0.044
2026-08-24 22:13:00,0.066
2026-08-24 22:14:00,0.091
2026-08-24 22:15:00,0.072
2026-08-24 22:16:00,0.066
2026-08-24 22:17:00,0.089
2026-08-24 22:18:00,0.043
2026-08-24 22:19:00,0.06
2026-08-24 22:20:00,0.062
2026-08-24 22:21:00,0.107
2026-08-24 22:22:00,0.083
2026-08-24 22:23:00,0.087
2026-08-24 22:24:00,0.089
2026-08-24 22:25:00,0.078
2026-08-24 22:26:00,0.102
2026-08-24 22:27:00,0.112
2026-08-24 22:28:00,0.078
2026-08-24 22:29:00,0.106
2026-08-24 22:30:00,0.083
2026-08-24 22:31:00,0.053
2026-08-24 22:32:00,0.097
2026-08-24 22:33:00,0.076
2026-08-24 22:34:00,0.049
2026-08-24 22:35:00,0.068
2026-08-24 22:36:00,0.082
2026-08-24 22:37:00,0.06
2026-08-24 22:38:00,0.103
2026-08-24 22:39:00,0.077
2026-08-24 22:40:00,0.112
2026-08-24 22:41:00,0.076
2026-08-24 22:42:00,0.061
2026-08-24 22:43:00,0.069
2026-08-24 22:44:00,0.062
2026-08-24 22:45:00,0.054
2026-08-24 22:46:00,0.053
2026-08-24 22:47:00,0.069
2026-08-24 22:48:00,0.055
2026-08-24 22:49:00,0.101
2026-08-24 22:50:00,0.046
2026-08-24 22:51:00,0.093
2026-08-24 22:52:00,0.116
2026-08-24 22:53:00,0.106
2026-08-24 22:54:00,0.089
2026-08-24 22:55:00,0.106
2026-08-24 22:56:00,0.096
2026-08-24 22:57:00,0.085
2026-08-24 22:58:00,0.093
2026-08-24 22:59:00,0.049
2026-08-24 23:00:00,0.049
2026-08-24 23:01:00,0.047
2026-08-24 23:02:00,0.086
2026-08-24 23:03:00,0.056
2026-08-24 23:04:00,0.101
2026-08-24 23:05:00,0.095
2026-08-24 23:06:00,0.048
2026-08-24 23:07:00,0.093
2026-08-24 23:08:00,0.051
2026-08-24 23:09:00,0.053
2026-08-24 23:10:00,0.074
2026-08-24 23:11:00,0.065
2026-08-24 23:12:00,0.069
2026-08-24 23:13:00,0.105
2026-08-24 23:14:00,0.057
2026-08-24 23:15:00,0.049
2026-08-24 23:16:00,0.07
2026-08-24 23:17:00,0.093
2026-08-24 23:18:00,0.043
2026-08-24 23:19:00,0.075
2026-08-24 23:20:00,0.062
2026-08-24 23:21:00,0.112
2026-08-24 23:22:00,0.063
2026-08-24 23:23:00,0.098
2026-08-24 23:24:00,0.098
2026-08-24 23:25:00,0.112
2026-08-24 23:26:00,0.069
2026-08-24 23:27:00,0.04
2026-08-24 23:28:00,0.103
2026-08-24 23:29:00,0.114
2026-08-24 23:30:00,0.045
2026-08-24 23:31:00,0.089
2026-08-24 23:32:00,0.106
2026-08-24 23:33:00,0.09
2026-08-24 23:34:00,0.05
2026-08-24 23:35:00,0.056
2026-08-24 23:36:00,0.11
2026-08-24 23:37:00,0.118
2026-08-24 23:38:00,0.088
2026-08-24 23:39:00,0.115
2026-08-24 23:40:00,0.114
2026-08-24 23:41:00,0.119
2026-08-24 23:42:00,0.076
2026-08-24 23:43:00,0.063
2026-08-24 23:44:00,0.043
2026-08-24 23:45:00,0.091
2026-08-24 23:46:00,0.067
2026-08-24 23:47:00,0.116
2026-08-24 23:48:00,0.046
2026-08-24 23:49:00,0.1
2026-08-24 23:50:00,0.102
2026-08-24 23:51:00,0.105
2026-08-24 23:52:00,0.089
2026-08-24 23:53:00,0.094
2026-08-24 23:54:00,0.046
2026-08-24 23:55:00,0.109
2026-08-24 23:56:00,0.051
2026-08-24 23:57:00,0.042
2026-08-24 23:58:00,0.086
2026-08-24 23:59:00,0.089
2026-08-25 00:00:00,0.09
2026-08-25 00:01:00,0.06
2026-08-25 00:02:00,0.087
2026-08-25 00:03:00,0.104
2026-08-25 00:04:00,0.108
2026-08-25 00:05:00,0.086
2026-08-25 00:06:00,0.094
2026-08-25 00:07:00,0.083
2026-08-25 00:08:00,0.1
2026-08-25 00:09:00,0.056
2026-08-25 00:10:00,0.111
2026-08-25 00:11:00,0.088
2026-08-25 00:12:00,0.072
2026-08-25 00:13:00,0.085
2026-08-25 00:14:00,0.041
2026-08-25 00:15:00,0.041
2026-08-25 00:16:00,0.066
2026-08-25 00:17:00,0.085
2026-08-25 00:18:00,0.109
2026-08-25 00:19:00,0.047
2026-08-25 00:20:00,0.095
2026-08-25 00:21:00,0.045
2026-08-25 00:22:00,0.091
2026-08-25 00:23:00,0.054
2026-08-25 00:24:00,0.101
2026-08-25 00:25:00,0.072
2026-08-25 00:26:00,0.049
2026-08-25 00:27:00,0.119
2026-08-25 00:28:00,0.099
2026-08-25 00:29:00,0.064
2026-08-25 00:30:00,0.097
2026-08-25 00:31:00,0.089
2026-08-25 00:32:00,0.086
2026-08-25 00:33:00,0.087
2026-08-25 00:34:00,0.085
2026-08-25 00:35:00,0.051
2026-08-25 00:36:00,0.1
2026-08-25 00:37:00,0.091
2026-08-25 00:38:00,0.049
2026-08-25 00:39:00,0.082
2026-08-25 00:40:00,0.114
2026-08-25 00:41:00,0.071
2026-08-25 00:42:00,0.109
2026-08-25 00:43:00,0.044
2026-08-25 00:44:00,0.106
2026-08-25 00:45:00,0.062
2026-08-25 00:46:00,0.062
2026-08-25 00:47:00,0.088
2026-08-25 00:48:00,0.044
2026-08-25 00:49:00,0.093
2026-08-25 00:50:00,0.043
2026-08-25 00:51:00,0.085
2026-08-25 00:52:00,0.079
2026-08-25 00:53:00,0.075
2026-08-25 00:54:00,0.053
2026-08-25 00:55:00,0.119
2026-08-25 00:56:00,0.079
2026-08-25 00:57:00,0.097
2026-08-25 00:58:00,0.077
2026-08-25 00:59:00,0.086
2026-08-25 01:00:00,0.048
2026-08-25 01:01:00,0.058
2026-08-25 01:02:00,0.097
2026-08-25 01:03:00,0.061
2026-08-25 01:04:00,0.044
2026-08-25 01:05:00,0.08
2026-08-25 01:06:00,0.053
2026-08-25 01:07:00,0.105
2026-08-25 01:08:00,0.042
2026-08-25 01:09:00,0.116
2026-08-25 01:10:00,0.081
2026-08-25 01:11:00,0.079
2026-08-25 01:12:00,0.097
2026-08-25 01:13:00,0.09
2026-08-25 01:14:00,0.072
2026-08-25 01:15:00,0.096
2026-08-25 01:16:00,0.087
2026-08-25 01:17:00,0.045
2026-08-25 01:18:00,0.108
2026-08-25 01:19:00,0.071
2026-08-25 01:20:00,0.06
2026-08-25 01:21:00,0.098
2026-08-25 01:22:00,0.088
2026-08-25 01:23:00,0.061
2026-08-25 01:24:00,0.117
2026-08-25 01:25:00,0.093
2026-08-25 01:26:00,0.116
2026-08-25 01:27:00,0.078
2026-08-25 01:28:00,0.095
2026-08-25 01:29:00,0.085
2026-08-25 01:30:00,0.087
2026-08-25 01:31:00,0.046
2026-08-25 01:32:00,0.096
2026-08-25 01:33:00,0.079
2026-08-25 01:34:00,0.096
2026-08-25 01:35:00,0.07
2026-08-25 01:36:00,0.087
2026-08-25 01:37:00,0.082
2026-08-25 01:38:00,0.05
2026-08-25 01:39:00,0.064
2026-08-25 01:40:00,0.059
2026-08-25 01:41:00,0.086
2026-08-25 01:42:00,0.083
2026-08-25 01:43:00,0.044
2026-08-25 01:44:00,0.051
2026-08-25 01:45:00,0.104
2026-08-25 01:46:00,0.1
2026-08-25 01:47:00,0.104
2026-08-25 01:48:00,0.047
2026-08-25 01:49:00,0.075
2026-08-25 01:50:00,0.099
2026-08-25 01:51:00,0.062
2026-08-25 01:52:00,0.044
2026-08-25 01:53:00,0.049
2026-08-25 01:54:00,0.116
2026-08-25 01:55:00,0.065
2026-08-25 01:56:00,0.113
2026-08-25 01:57:00,0.101
2026-08-25 01:58:00,0.118
2026-08-25 01:59:00,0.119
2026-08-25 02:00:00,0.06
2026-08-25 02:01:00,0.114
2026-08-25 02:02:00,0.093
2026-08-25 02:03:00,0.089
2026-08-25 02:04:00,0.072
2026-08-25 02:05:00,0.101
2026-08-25 02:06:00,0.058
2026-08-25 02:07:00,0.109
2026-08-25 02:08:00,0.076
2026-08-25 02:09:00,0.068
2026-08-25 02:10:00,0.042
2026-08-25 02:11:00,0.108
2026-08-25 02:12:00,0.116
2026-08-25 02:13:00,0.119
2026-08-25 02:14:00,0.114
2026-08-25 02:15:00,0.106
2026-08-25 02:16:00,0.076
2026-08-25 02:17:00,0.077
2026-08-25 02:18:00,0.081
2026-08-25 02:19:00,0.109
2026-08-25 02:20:00,0.053
2026-08-25 02:21:00,0.1
2026-08-25 02:22:00,0.082
2026-08-25 02:23:00,0.096
2026-08-25 02:24:00,0.064
2026-08-25 02:25:00,0.065
2026-08-25 02:26:00,0.066
2026-08-25 02:27:00,0.088
2026-08-25 02:28:00,0.048
2026-08-25 02:29:00,0.053
2026-08-25 02:30:00,0.062
2026-08-25 02:31:00,0.112
2026-08-25 02:32:00,0.061
2026-08-25 02:33:00,0.072
2026-08-25 02:34:00,0.054
2026-08-25 02:35:00,0.088
2026-08-25 02:36:00,0.081
2026-08-25 02:37:00,0.092
2026-08-25 02:38:00,0.072
2026-08-25 02:39:00,0.055
2026-08-25 02:40:00,0.087
2026-08-25 02:41:00,0.104
2026-08-25 02:42:00,0.059
2026-08-25 02:43:00,0.081
2026-08-25 02:44:00,0.092
2026-08-25 02:45:00,0.043
2026-08-25 02:46:00,0.08
2026-08-25 02:47:00,0.075
2026-08-25 02:48:00,0.047
2026-08-25 02:49:00,0.102
2026-08-25 02:50:00,0.086
2026-08-25 02:51:00,0.093
2026-08-25 02:52:00,0.048
2026-08-25 02:53:00,0.062
2026-08-25 02:54:00,0.068
2026-08-25 02:55:00,0.089
2026-08-25 02:56:00,0.086
2026-08-25 02:57:00,0.118
2026-08-25 02:58:00,0.102
2026-08-25 02:59:00,0.103
2026-08-25 03:00:00,0.061
2026-08-25 03:01:00,0.092
2026-08-25 03:02:00,0.116
2026-08-25 03:03:00,0.089
2026-08-25 03:04:00,0.043
2026-08-25 03:05:00,0.058
2026-08-25 03:06:00,0.116
2026-08-25 03:07:00,0.095
2026-08-25 03:08:00,0.105
2026-08-25 03:09:00,0.086
2026-08-25 03:10:00,0.113
2026-08-25 03:11:00,0.063
2026-08-25 03:12:00,0.092
2026-08-25 03:13:00,0.108
2026-08-25 03:14:00,0.119
2026-08-25 03:15:00,0.044
2026-08-25 03:16:00,0.103
2026-08-25 03:17:00,0.118
2026-08-25 03:18:00,0.053
2026-08-25 03:19:00,0.085
2026-08-25 03:20:00,0.096
2026-08-25 03:21:00,0.084
2026-08-25 03:22:00,0.055
2026-08-25 03:23:00,0.059
2026-08-25 03:24:00,0.092
2026-08-25 03:25:00,0.054
2026-08-25 03:26:00,0.117
2026-08-25 03:27:00,0.08
2026-08-25 03:28:00,0.05
2026-08-25 03:29:00,0.111
2026-08-25 03:30:00,0.055
2026-08-25 03:31:00,0.063
2026-08-25 03:32:00,0.045
2026-08-25 03:33:00,0.074
2026-08-25 03:34:00,0.056
2026-08-25 03:35:00,0.081
2026-08-25 03:36:00,0.043
2026-08-25 03:37:00,0.062
2026-08-25 03:38:00,0.052
2026-08-25 03:39:00,0.104
2026-08-25 03:40:00,0.081
2026-08-25 03:41:00,0.113
2026-08-25 03:42:00,0.043
2026-08-25 03:43:00,0.092
2026-08-25 03:44:00,0.041
2026-08-25 03:45:00,0.086
2026-08-25 03:46:00,0.066
2026-08-25 03:47:00,0.042
2026-08-25 03:48:00,0.1
2026-08-25 03:49:00,0.075
2026-08-25 03:50:00,0.112
2026-08-25 03:51:00,0.107
2026-08-25 03:52:00,0.05
2026-08-25 03:53:00,0.058
2026-08-25 03:54:00,0.114
2026-08-25 03:55:00,0.113
2026-08-25 03:56:00,0.042
2026-08-25 03:57:00,0.079
2026-08-25 03:58:00,0.093
2026-08-25 03:59:00,0.065
2026-08-25 04:00:00,0.112
2026-08-25 04:01:00,0.117
2026-08-25 04:02:00,0.061
2026-08-25 04:03:00,0.064
2026-08-25 04:04:00,0.05
2026-08-25 04:05:00,0.044
2026-08-25 04:06:00,0.062
2026-08-25 04:07:00,0.044
2026-08-25 04:08:00,0.119
2026-08-25 04:09:00,0.047
2026-08-25 04:10:00,0.059
2026-08-25 04:11:00,0.051
2026-08-25 04:12:00,0.065
2026-08-25 04:13:00,0.113
2026-08-25 04:14:00,0.091
2026-08-25 04:15:00,0.061
2026-08-25 04:16:00,0.097
2026-08-25 04:17:00,0.06
2026-08-25 04:18:00,0.05
2026-08-25 04:19:00,0.101
2026-08-25 04:20:00,0.113
2026-08-25 04:21:00,0.076
2026-08-25 04:22:00,0.101
2026-08-25 04:23:00,0.117
2026-08-25 04:24:00,0.073
2026-08-25 04:25:00,0.113
2026-08-25 04:26:00,0.094
2026-08-25 04:27:00,0.059
2026-08-25 04:28:00,0.109
2026-08-25 04:29:00,0.053
2026-08-25 04:30:00,0.068
2026-08-25 04:31:00,0.086
2026-08-25 04:32:00,0.085
2026-08-25 04:33:00,0.063
2026-08-25 04:34:00,0.084
2026-08-25 04:35:00,0.101
2026-08-25 04:36:00,0.043
2026-08-25 04:37:00,0.082
2026-08-25 04:38:00,0.084
2026-08-25 04:39:00,0.093
2026-08-25 04:40:00,0.102
2026-08-25 04:41:00,0.104
2026-08-25 04:42:00,0.043
2026-08-25 04:43:00,0.052
2026-08-25 04:44:00,0.066
2026-08-25 04:45:00,0.095
2026-08-25 04:46:00,0.05
2026-08-25 04:47:00,0.091
2026-08-25 04:48:00,0.083
2026-08-25 04:49:00,0.059
2026-08-25 04:50:00,0.046
2026-08-25 04:51:00,0.068
2026-08-25 04:52:00,0.084
2026-08-25 04:53:00,0.076
2026-08-25 04:54:00,0.111
2026-08-25 04:55:00,0.09
2026-08-25 04:56:00,0.106
2026-08-25 04:57:00,0.068
2026-08-25 04:58:00,0.092
2026-08-25 04:59:00,0.046
2026-08-25 05:00:00,0.063
2026-08-25 05:01:00,0.041
2026-08-25 05:02:00,0.078
2026-08-25 05:03:00,0.063
2026-08-25 05:04:00,0.08
2026-08-25 05:05:00,0.044
2026-08-25 05:06:00,0.073
2026-08-25 05:07:00,0.072
2026-08-25 05:08:00,0.066
2026-08-25 05:09:00,0.057
2026-08-25 05:10:00,0.074
2026-08-25 05:11:00,0.103
2026-08-25 05:12:00,0.081
2026-08-25 05:13:00,0.06
2026-08-25 05:14:00,0.094
2026-08-25 05:15:00,0.084
2026-08-25 05:16:00,0.051
2026-08-25 05:17:00,0.062
2026-08-25 05:18:00,0.08
2026-08-25 05:19:00,0.103
2026-08-25 05:20:00,0.115
2026-08-25 05:21:00,0.047
2026-08-25 05:22:00,0.099
2026-08-25 05:23:00,0.091
2026-08-25 05:24:00,0.116
2026-08-25 05:25:00,0.058
2026-08-25 05:26:00,0.079
2026-08-25 05:27:00,0.084
2026-08-25 05:28:00,0.104
2026-08-25 05:29:00,0.111
2026-08-25 05:30:00,0.074
2026-08-25 05:31:00,0.081
2026-08-25 05:32:00,0.107
2026-08-25 05:33:00,0.102
2026-08-25 05:34:00,0.049
2026-08-25 05:35:00,0.118
2026-08-25 05:36:00,0.1
2026-08-25 05:37:00,0.089
2026-08-25 05:38:00,0.044
2026-08-25 05:39:00,0.096
2026-08-25 05:40:00,0.079
2026-08-25 05:41:00,0.108
2026-08-25 05:42:00,0.073
2026-08-25 05:43:00,0.112
2026-08-25 05:44:00,0.08
2026-08-25 05:45:00,0.109
2026-08-25 05:46:00,0.091
2026-08-25 05:47:00,0.067
2026-08-25 05:48:00,0.103
2026-08-25 05:49:00,0.087
2026-08-25 05:50:00,0.07
2026-08-25 05:51:00,0.061
2026-08-25 05:52:00,0.047
2026-08-25 05:53:00,0.075
2026-08-25 05:54:00,0.076
2026-08-25 05:55:00,0.059
2026-08-25 05:56:00,0.065
2026-08-25 05:57:00,0.119
2026-08-25 05:58:00,0.108
2026-08-25 05:59:00,0.076
2026-08-25 06:00:00,0.042
2026-08-25 06:01:00,0.084
2026-08-25 06:02:00,0.108
2026-08-25 06:03:00,0.115
2026-08-25 06:04:00,0.084
2026-08-25 06:05:00,0.045
2026-08-25 06:06:00,0.108
2026-08-25 06:07:00,0.096
2026-08-25 06:08:00,0.05
2026-08-25 06:09:00,0.076
2026-08-25 06:10:00,0.078
2026-08-25 06:11:00,0.113
2026-08-25 06:12:00,0.115
2026-08-25 06:13:00,0.088
2026-08-25 06:14:00,0.047
2026-08-25 06:15:00,0.08
2026-08-25 06:16:00,0.061
2026-08-25 06:17:00,0.097
2026-08-25 06:18:00,0.095
2026-08-25 06:19:00,0.102
2026-08-25 06:20:00,0.101
2026-08-25 06:21:00,0.074
2026-08-25 06:22:00,0.111
2026-08-25 06:23:00,0.048
2026-08-25 06:24:00,0.11
2026-08-25 06:25:00,0.05
2026-08-25 06:26:00,0.072
2026-08-25 06:27:00,0.083
2026-08-25 06:28:00,0.105
2026-08-25 06:29:00,0.065
2026-08-25 06:30:00,0.068
2026-08-25 06:31:00,0.047
2026-08-25 06:32:00,0.068
2026-08-25 06:33:00,0.04
2026-08-25 06:34:00,0.053
2026-08-25 06:35:00,0.118
2026-08-25 06:36:00,0.11
2026-08-25 06:37:00,0.069
2026-08-25 06:38:00,0.113
2026-08-25 06:39:00,0.041
2026-08-25 06:40:00,0.046
2026-08-25 06:41:00,0.055
2026-08-25 06:42:00,0.085
2026-08-25 06:43:00,0.044
2026-08-25 06:44:00,0.048
2026-08-25 06:45:00,0.119
2026-08-25 06:46:00,0.049
2026-08-25 06:47:00,0.046
2026-08-25 06:48:00,0.08
2026-08-25 06:49:00,0.084
2026-08-25 06:50:00,0.118
2026-08-25 06:51:00,0.069
2026-08-25 06:52:00,0.041
2026-08-25 06:53:00,0.08
2026-08-25 06:54:00,0.103
2026-08-25 06:55:00,0.109
2026-08-25 06:56:00,0.11
2026-08-25 06:57:00,0.047
2026-08-25 06:58:00,0.09
2026-08-25 06:59:00,0.094
2026-08-25 07:00:00,0.084
2026-08-25 07:01:00,0.057
2026-08-25 07:02:00,0.075
2026-08-25 07:03:00,0.056
2026-08-25 07:04:00,0.106
2026-08-25 07:05:00,0.083
2026-08-25 07:06:00,0.11
2026-08-25 07:07:00,0.083
2026-08-25 07:08:00,0.099
2026-08-25 07:09:00,0.045
2026-08-25 07:10:00,0.046
2026-08-25 07:11:00,0.119
2026-08-25 07:12:00,0.102
2026-08-25 07:13:00,0.088
2026-08-25 07:14:00,0.117
2026-08-25 07:15:00,0.112
2026-08-25 07:16:00,0.063
2026-08-25 07:17:00,0.115
2026-08-25 07:18:00,0.059
2026-08-25 07:19:00,0.052
2026-08-25 07:20:00,0.051
2026-08-25 07:21:00,0.098
2026-08-25 07:22:00,0.115
2026-08-25 07:23:00,0.112
2026-08-25 07:24:00,0.114
2026-08-25 07:25:00,0.071
2026-08-25 07:26:00,0.071
2026-08-25 07:27:00,0.093
2026-08-25 07:28:00,0.069
2026-08-25 07:29:00,0.072
2026-08-25 07:30:00,0.116
2026-08-25 07:31:00,0.087
2026-08-25 07:32:00,0.089
2026-08-25 07:33:00,0.042
2026-08-25 07:34:00,0.091
2026-08-25 07:35:00,0.087
2026-08-25 07:36:00,0.1
2026-08-25 07:37:00,0.046
2026-08-25 07:38:00,0.11
2026-08-25 07:39:00,0.103
2026-08-25 07:40:00,0.081
2026-08-25 07:41:00,0.077
2026-08-25 07:42:00,0.095
2026-08-25 07:43:00,0.058
2026-08-25 07:44:00,0.05
2026-08-25 07:45:00,0.088
2026-08-25 07:46:00,0.057
2026-08-25 07:47:00,0.041
2026-08-25 07:48:00,0.106
2026-08-25 07:49:00,0.102
2026-08-25 07:50:00,0.06
2026-08-25 07:51:00,0.061
2026-08-25 07:52:00,0.064
2026-08-25 07:53:00,0.06
2026-08-25 07:54:00,0.068
2026-08-25 07:55:00,0.075
2026-08-25 07:56:00,0.069
2026-08-25 07:57:00,0.085
2026-08-25 07:58:00,0.088
2026-08-25 07:59:00,0.046
2026-08-25 08:00:00,0.065
2026-08-25 08:01:00,0.065
2026-08-25 08:02:00,0.044
2026-08-25 08:03:00,0.115
2026-08-25 08:04:00,0.042
2026-08-25 08:05:00,0.083
2026-08-25 08:06:00,0.084
2026-08-25 08:07:00,0.042
2026-08-25 08:08:00,0.086
2026-08-25 08:09:00,0.058
2026-08-25 08:10:00,0.066
2026-08-25 08:11:00,0.052
2026-08-25 08:12:00,0.042
2026-08-25 08:13:00,0.098
2026-08-25 08:14:00,0.096
2026-08-25 08:15:00,0.105
2026-08-25 08:16:00,0.097
2026-08-25 08:17:00,0.059
2026-08-25 08:18:00,0.091
2026-08-25 08:19:00,0.095
2026-08-25 08:20:00,0.116
2026-08-25 08:21:00,0.057
2026-08-25 08:22:00,0.046
2026-08-25 08:23:00,0.116
2026-08-25 08:24:00,0.064
2026-08-25 08:25:00,0.102
2026-08-25 08:26:00,0.066
2026-08-25 08:27:00,0.063
2026-08-25 08:28:00,0.089
2026-08-25 08:29:00,0.072
2026-08-25 08:30:00,0.111
2026-08-25 08:31:00,0.058
2026-08-25 08:32:00,0.075
2026-08-25 08:33:00,0.055
2026-08-25 08:34:00,0.074
2026-08-25 08:35:00,0.054
2026-08-25 08:36:00,0.101
2026-08-25 08:37:00,0.111
2026-08-25 08:38:00,0.108
2026-08-25 08:39:00,0.066
2026-08-25 08:40:00,0.119
2026-08-25 08:41:00,0.054
2026-08-25 08:42:00,0.101
2026-08-25 08:43:00,0.067
2026-08-25 08:44:00,0.084
2026-08-25 08:45:00,0.113
2026-08-25 08:46:00,0.09
2026-08-25 08:47:00,0.072
2026-08-25 08:48:00,0.104
2026-08-25 08:49:00,0.096
2026-08-25 08:50:00,0.072
2026-08-25 08:51:00,0.04
2026-08-25 08:52:00,0.109
2026-08-25 08:53:00,0.067
2026-08-25 08:54:00,0.092
2026-08-25 08:55:00,0.103
2026-08-25 08:56:00,0.094
2026-08-25 08:57:00,0.087
2026-08-25 08:58:00,0.063
2026-08-25 08:59:00,0.042
2026-08-25 09:00:00,0.075
2026-08-25 09:01:00,0.052
2026-08-25 09:02:00,0.065
2026-08-25 09:03:00,0.1
2026-08-25 09:04:00,0.048
2026-08-25 09:05:00,0.083
2026-08-25 09:06:00,0.073
2026-08-25 09:07:00,0.08
2026-08-25 09:08:00,0.1
2026-08-25 09:09:00,0.09
2026-08-25 09:10:00,0.065
2026-08-25 09:11:00,0.065
2026-08-25 09:12:00,0.108
2026-08-25 09:13:00,0.103
2026-08-25 09:14:00,0.043
2026-08-25 09:15:00,0.065
2026-08-25 09:16:00,0.106
2026-08-25 09:17:00,0.119
2026-08-25 09:18:00,0.084
2026-08-25 09:19:00,0.049
2026-08-25 09:20:00,0.073
2026-08-25 09:21:00,0.065
2026-08-25 09:22:00,0.079
2026-08-25 09:23:00,0.105
2026-08-25 09:24:00,0.099
2026-08-25 09:25:00,0.092
2026-08-25 09:26:00,0.044
2026-08-25 09:27:00,0.068
2026-08-25 09:28:00,0.052
2026-08-25 09:29:00,0.089
2026-08-25 09:30:00,0.041
2026-08-25 09:31:00,0.081
2026-08-25 09:32:00,0.043
2026-08-25 09:33:00,0.118
2026-08-25 09:34:00,0.079
2026-08-25 09:35:00,0.103
2026-08-25 09:36:00,0.073
2026-08-25 09:37:00,0.041
2026-08-25 09:38:00,0.053
2026-08-25 09:39:00,0.113
2026-08-25 09:40:00,0.11
2026-08-25 09:41:00,0.095
2026-08-25 09:42:00,0.102
2026-08-25 09:43:00,0.105
2026-08-25 09:44:00,0.061
2026-08-25 09:45:00,0.086
2026-08-25 09:46:00,0.066
2026-08-25 09:47:00,0.065
2026-08-25 09:48:00,0.042
2026-08-25 09:49:00,0.104
2026-08-25 09:50:00,0.051
2026-08-25 09:51:00,0.088
2026-08-25 09:52:00,0.057
2026-08-25 09:53:00,0.085
2026-08-25 09:54:00,0.099
2026-08-25 09:55:00,0.098
2026-08-25 09:56:00,0.094
2026-08-25 09:57:00,0.041
2026-08-25 09:58:00,0.072
2026-08-25 09:59:00,0.058
2026-08-25 10:00:00,0.093
2026-08-25 10:01:00,0.074
2026-08-25 10:02:00,0.087
2026-08-25 10:03:00,0.108
2026-08-25 10:04:00,0.048
2026-08-25 10:05:00,0.112
2026-08-25 10:06:00,0.092
2026-08-25 10:07:00,0.119
2026-08-25 10:08:00,0.053
2026-08-25 10:09:00,0.072
2026-08-25 10:10:00,0.092
2026-08-25 10:11:00,0.051
2026-08-25 10:12:00,0.119
2026-08-25 10:13:00,0.072
2026-08-25 10:14:00,0.052
2026-08-25 10:15:00,0.096
2026-08-25 10:16:00,0.08
2026-08-25 10:17:00,0.094
2026-08-25 10:18:00,0.05
2026-08-25 10:19:00,0.105
2026-08-25 10:20:00,0.104
2026-08-25 10:21:00,0.045
2026-08-25 10:22:00,0.092
2026-08-25 10:23:00,0.043
2026-08-25 10:24:00,0.09
2026-08-25 10:25:00,0.044
2026-08-25 10:26:00,0.102
2026-08-25 10:27:00,0.048
2026-08-25 10:28:00,0.1
2026-08-25 10:29:00,0.098
2026-08-25 10:30:00,0.111
2026-08-25 10:31:00,0.043
2026-08-25 10:32:00,0.068
2026-08-25 10:33:00,0.058
2026-08-25 10:34:00,0.073
2026-08-25 10:35:00,0.074
2026-08-25 10:36:00,0.096
2026-08-25 10:37:00,0.11
2026-08-25 10:38:00,0.085
2026-08-25 10:39:00,0.084
2026-08-25 10:40:00,0.108
2026-08-25 10:41:00,0.091
2026-08-25 10:42:00,0.097
2026-08-25 10:43:00,0.095
2026-08-25 10:44:00,0.109
2026-08-25 10:45:00,0.079
2026-08-25 10:46:00,0.074
2026-08-25 10:47:00,0.106
2026-08-25 10:48:00,0.044
2026-08-25 10:49:00,0.109
2026-08-25 10:50:00,0.062
2026-08-25 10:51:00,0.087
2026-08-25 10:52:00,0.059
2026-08-25 10:53:00,0.073
2026-08-25 10:54:00,0.112
2026-08-25 10:55:00,0.049
2026-08-25 10:56:00,0.099
2026-08-25 10:57:00,0.082
2026-08-25 10:58:00,0.048
2026-08-25 10:59:00,0.048
2026-08-25 11:00:00,0.117
2026-08-25 11:01:00,0.073
2026-08-25 11:02:00,0.106
2026-08-25 11:03:00,0.073
2026-08-25 11:04:00,0.083
2026-08-25 11:05:00,0.109
2026-08-25 11:06:00,0.061
2026-08-25 11:07:00,0.111
2026-08-25 11:08:00,0.075
2026-08-25 11:09:00,0.097
2026-08-25 11:10:00,0.088
2026-08-25 11:11:00,0.053
2026-08-25 11:12:00,0.094
2026-08-25 11:13:00,0.104
2026-08-25 11:14:00,0.118
2026-08-25 11:15:00,0.106
2026-08-25 11:16:00,0.06
2026-08-25 11:17:00,0.043
2026-08-25 11:18:00,0.095
2026-08-25 11:19:00,0.046
2026-08-25 11:20:00,0.089
2026-08-25 11:21:00,0.084
2026-08-25 11:22:00,0.115
2026-08-25 11:23:00,0.094
2026-08-25 11:24:00,0.11
2026-08-25 11:25:00,0.07
2026-08-25 11:26:00,0.065
2026-08-25 11:27:00,0.043
2026-08-25 11:28:00,0.069
2026-08-25 11:29:00,0.111
2026-08-25 11:30:00,0.041
2026-08-25 11:31:00,0.09
2026-08-25 11:32:00,0.063
2026-08-25 11:33:00,0.053
2026-08-25 11:34:00,0.084
2026-08-25 11:35:00,0.12
2026-08-25 11:36:00,0.102
2026-08-25 11:37:00,0.108
2026-08-25 11:38:00,0.056
2026-08-25 11:39:00,0.051
2026-08-25 11:40:00,0.066
2026-08-25 11:41:00,0.049
2026-08-25 11:42:00,0.097
2026-08-25 11:43:00,0.043
2026-08-25 11:44:00,0.085
2026-08-25 11:45:00,0.048
2026-08-25 11:46:00,0.112
2026-08-25 11:47:00,0.089
2026-08-25 11:48:00,0.108
2026-08-25 11:49:00,0.084
2026-08-25 11:50:00,0.047
2026-08-25 11:51:00,0.069
2026-08-25 11:52:00,0.045
2026-08-25 11:53:00,0.106
2026-08-25 11:54:00,0.087
2026-08-25 11:55:00,0.068
2026-08-25 11:56:00,0.097
2026-08-25 11:57:00,0.067
2026-08-25 11:58:00,0.108
2026-08-25 11:59:00,0.08
2026-08-25 12:00:00,0.119
2026-08-25 12:01:00,0.054
2026-08-25 12:02:00,0.091
2026-08-25 12:03:00,0.067
2026-08-25 12:04:00,0.093
2026-08-25 12:05:00,0.071
2026-08-25 12:06:00,0.08
2026-08-25 12:07:00,0.075
2026-08-25 12:08:00,0.106
2026-08-25 12:09:00,0.063
2026-08-25 12:10:00,0.089
2026-08-25 12:11:00,0.068
2026-08-25 12:12:00,0.107
2026-08-25 12:13:00,0.095
2026-08-25 12:14:00,0.074
2026-08-25 12:15:00,0.11
2026-08-25 12:16:00,0.048
2026-08-25 12:17:00,0.111
2026-08-25 12:18:00,0.105
2026-08-25 12:19:00,0.107
2026-08-25 12:20:00,0.064
2026-08-25 12:21:00,0.114
2026-08-25 12:22:00,0.107
2026-08-25 12:23:00,0.088
2026-08-25 12:24:00,0.082
2026-08-25 12:25:00,0.069
2026-08-25 12:26:00,0.045
2026-08-25 12:27:00,0.054
2026-08-25 12:28:00,0.057
2026-08-25 12:29:00,0.09
2026-08-25 12:30:00,0.047
2026-08-25 12:31:00,0.101
2026-08-25 12:32:00,0.108
2026-08-25 12:33:00,0.084
2026-08-25 12:34:00,0.115
2026-08-25 12:35:00,0.095
2026-08-25 12:36:00,0.116
2026-08-25 12:37:00,0.116
2026-08-25 12:38:00,0.057
2026-08-25 12:39:00,0.073
2026-08-25 12:40:00,0.089
2026-08-25 12:41:00,0.118
2026-08-25 12:42:00,0.061
2026-08-25 12:43:00,0.117
2026-08-25 12:44:00,0.112
2026-08-25 12:45:00,0.115
2026-08-25 12:46:00,0.105
2026-08-25 12:47:00,0.116
2026-08-25 12:48:00,0.088
2026-08-25 12:49:00,0.093
2026-08-25 12:50:00,0.105
2026-08-25 12:51:00,0.046
2026-08-25 12:52:00,0.057
2026-08-25 12:53:00,0.074
2026-08-25 12:54:00,0.06
2026-08-25 12:55:00,0.096
2026-08-25 12:56:00,0.062
2026-08-25 12:57:00,0.081
2026-08-25 12:58:00,0.079
2026-08-25 12:59:00,0.118
2026-08-25 13:00:00,0.062
2026-08-25 13:01:00,0.072
2026-08-25 13:02:00,0.053
2026-08-25 13:03:00,0.084
2026-08-25 13:04:00,0.108
2026-08-25 13:05:00,0.068
2026-08-25 13:06:00,0.097
2026-08-25 13:07:00,0.11
2026-08-25 13:08:00,0.118
2026-08-25 13:09:00,0.044
2026-08-25 13:10:00,0.062
2026-08-25 13:11:00,0.089
2026-08-25 13:12:00,0.064
2026-08-25 13:13:00,0.066
2026-08-25 13:14:00,0.055
2026-08-25 13:15:00,0.096
2026-08-25 13:16:00,0.111
2026-08-25 13:17:00,0.06
2026-08-25 13:18:00,0.087
2026-08-25 13:19:00,0.12
2026-08-25 13:20:00,0.047
2026-08-25 13:21:00,0.044
2026-08-25 13:22:00,0.108
2026-08-25 13:23:00,0.093
2026-08-25 13:24:00,0.052
2026-08-25 13:25:00,0.099
2026-08-25 13:26:00,0.098
2026-08-25 13:27:00,0.091
2026-08-25 13:28:00,0.106
2026-08-25 13:29:00,0.062
2026-08-25 13:30:00,0.068
2026-08-25 13:31:00,0.108
2026-08-25 13:32:00,0.06
2026-08-25 13:33:00,0.101
2026-08-25 13:34:00,0.103
2026-08-25 13:35:00,0.051
2026-08-25 13:36:00,0.088
2026-08-25 13:37:00,0.041
2026-08-25 13:38:00,0.086
2026-08-25 13:39:00,0.109
2026-08-25 13:40:00,0.083
2026-08-25 13:41:00,0.064
2026-08-25 13:42:00,0.07
2026-08-25 13:43:00,0.099
2026-08-25 13:44:00,0.059
2026-08-25 13:45:00,0.07
2026-08-25 13:46:00,0.102
2026-08-25 13:47:00,0.082
2026-08-25 13:48:00,0.091
2026-08-25 13:49:00,0.11
2026-08-25 13:50:00,0.118
2026-08-25 13:51:00,0.064
2026-08-25 13:52:00,0.063
2026-08-25 13:53:00,0.108
2026-08-25 13:54:00,0.099
2026-08-25 13:55:00,0.096
2026-08-25 13:56:00,0.089
2026-08-25 13:57:00,0.113
2026-08-25 13:58:00,0.097
2026-08-25 13:59:00,0.069
2026-08-25 14:00:00,0.111
2026-08-25 14:01:00,0.061
2026-08-25 14:02:00,0.075
2026-08-25 14:03:00,0.052
2026-08-25 14:04:00,0.116
2026-08-25 14:05:00,0.094
2026-08-25 14:06:00,0.06
2026-08-25 14:07:00,0.065
2026-08-25 14:08:00,0.075
2026-08-25 14:09:00,0.051
2026-08-25 14:10:00,0.118
2026-08-25 14:11:00,0.071
2026-08-25 14:12:00,0.069
2026-08-25 14:13:00,0.098
2026-08-25 14:14:00,0.059
2026-08-25 14:15:00,0.082
2026-08-25 14:16:00,0.119
2026-08-25 14:17:00,0.106
2026-08-25 14:18:00,0.1
2026-08-25 14:19:00,0.093
2026-08-25 14:20:00,0.076
2026-08-25 14:21:00,0.12
2026-08-25 14:22:00,0.107
2026-08-25 14:23:00,0.09
2026-08-25 14:24:00,0.088
2026-08-25 14:25:00,0.117
2026-08-25 14:26:00,0.044
2026-08-25 14:27:00,0.045
2026-08-25 14:28:00,0.046
2026-08-25 14:29:00,0.072
2026-08-25 14:30:00,0.1
2026-08-25 14:31:00,0.108
2026-08-25 14:32:00,0.07
2026-08-25 14:33:00,0.098
2026-08-25 14:34:00,0.112
2026-08-25 14:35:00,0.08
2026-08-25 14:36:00,0.091
2026-08-25 14:37:00,0.119
2026-08-25 14:38:00,0.076
2026-08-25 14:39:00,0.068
2026-08-25 14:40:00,0.069
2026-08-25 14:41:00,0.078
2026-08-25 14:42:00,0.054
2026-08-25 14:43:00,0.116
2026-08-25 14:44:00,0.051
2026-08-25 14:45:00,0.096
2026-08-25 14:46:00,0.097
2026-08-25 14:47:00,0.095
2026-08-25 14:48:00,0.066
2026-08-25 14:49:00,0.04
2026-08-25 14:50:00,0.052
2026-08-25 14:51:00,0.092
2026-08-25 14:52:00,0.043
2026-08-25 14:53:00,0.093
2026-08-25 14:54:00,0.086
2026-08-25 14:55:00,0.064
2026-08-25 14:56:00,0.053
2026-08-25 14:57:00,0.076
2026-08-25 14:58:00,0.06
2026-08-25 14:59:00,0.069
2026-08-25 15:00:00,0.114
2026-08-25 15:01:00,0.043
2026-08-25 15:02:00,0.078
2026-08-25 15:03:00,0.048
2026-08-25 15:04:00,0.071
2026-08-25 15:05:00,0.087
2026-08-25 15:06:00,0.054
2026-08-25 15:07:00,0.102
2026-08-25 15:08:00,0.042
2026-08-25 15:09:00,0.078
2026-08-25 15:10:00,0.105
2026-08-25 15:11:00,0.046
2026-08-25 15:12:00,0.05
2026-08-25 15:13:00,0.11
2026-08-25 15:14:00,0.062
2026-08-25 15:15:00,0.105
2026-08-25 15:16:00,0.081
2026-08-25 15:17:00,0.043
2026-08-25 15:18:00,0.096
2026-08-25 15:19:00,0.119
2026-08-25 15:20:00,0.055
2026-08-25 15:21:00,0.112
2026-08-25 15:22:00,0.068
2026-08-25 15:23:00,0.058
2026-08-25 15:24:00,0.09
2026-08-25 15:25:00,0.107
2026-08-25 15:26:00,0.053
2026-08-25 15:27:00,0.051
2026-08-25 15:28:00,0.105
2026-08-25 15:29:00,0.08
2026-08-25 15:30:00,0.088
2026-08-25 15:31:00,0.042
2026-08-25 15:32:00,0.085
2026-08-25 15:33:00,0.046
2026-08-25 15:34:00,0.086
2026-08-25 15:35:00,0.05
2026-08-25 15:36:00,0.059
2026-08-25 15:37:00,0.072
2026-08-25 15:38:00,0.045
2026-08-25 15:39:00,0.05
2026-08-25 15:40:00,0.064
2026-08-25 15:41:00,0.1
2026-08-25 15:42:00,0.07
2026-08-25 15:43:00,0.105
2026-08-25 15:44:00,0.05
2026-08-25 15:45:00,0.071
2026-08-25 15:46:00,0.058
2026-08-25 15:47:00,0.041
2026-08-25 15:48:00,0.047
2026-08-25 15:49:00,0.111
2026-08-25 15:50:00,0.055
2026-08-25 15:51:00,0.057
2026-08-25 15:52:00,0.101
2026-08-25 15:53:00,0.051
2026-08-25 15:54:00,0.043
2026-08-25 15:55:00,0.075
2026-08-25 15:56:00,0.106
2026-08-25 15:57:00,0.066
2026-08-25 15:58:00,0.056
2026-08-25 15:59:00,0.076
2026-08-25 16:00:00,0.045
2026-08-25 16:01:00,0.078
2026-08-25 16:02:00,0.054
2026-08-25 16:03:00,0.055
2026-08-25 16:04:00,0.063
2026-08-25 16:05:00,0.049
2026-08-25 16:06:00,0.106
2026-08-25 16:07:00,0.116
2026-08-25 16:08:00,0.077
2026-08-25 16:09:00,0.066
2026-08-25 16:10:00,0.093
2026-08-25 16:11:00,0.119
2026-08-25 16:12:00,0.045
2026-08-25 16:13:00,0.069
2026-08-25 16:14:00,0.1
2026-08-25 16:15:00,0.073
2026-08-25 16:16:00,0.082
2026-08-25 16:17:00,0.052
2026-08-25 16:18:00,0.102
2026-08-25 16:19:00,0.068
2026-08-25 16:20:00,0.071
2026-08-25 16:21:00,0.106
2026-08-25 16:22:00,0.06
2026-08-25 16:23:00,0.049
2026-08-25 16:24:00,0.073
2026-08-25 16:25:00,0.116
2026-08-25 16:26:00,0.061
2026-08-25 16:27:00,0.087
2026-08-25 16:28:00,0.101
2026-08-25 16:29:00,0.111
2026-08-25 16:30:00,0.105
2026-08-25 16:31:00,0.05
2026-08-25 16:32:00,0.052
2026-08-25 16:33:00,0.107
2026-08-25 16:34:00,0.114
2026-08-25 16:35:00,0.104
2026-08-25 16:36:00,0.072
2026-08-25 16:37:00,0.053
2026-08-25 16:38:00,0.046
2026-08-25 16:39:00,0.088
2026-08-25 16:40:00,0.102
2026-08-25 16:41:00,0.057
2026-08-25 16:42:00,0.075
2026-08-25 16:43:00,0.043
2026-08-25 16:44:00,0.073
2026-08-25 16:45:00,0.099
2026-08-25 16:46:00,0.05
2026-08-25 16:47:00,0.056
2026-08-25 16:48:00,0.051
2026-08-25 16:49:00,0.078
2026-08-25 16:50:00,0.08
2026-08-25 16:51:00,0.071
2026-08-25 16:52:00,0.115
2026-08-25 16:53:00,0.106
2026-08-25 16:54:00,0.042
2026-08-25 16:55:00,0.08
2026-08-25 16:56:00,0.097
2026-08-25 16:57:00,0.059
2026-08-25 16:58:00,0.069
2026-08-25 16:59:00,0.059
2026-08-25 17:00:00,0.119
2026-08-25 17:01:00,0.049
2026-08-25 17:02:00,0.099
2026-08-25 17:03:00,0.079
2026-08-25 17:04:00,0.042
2026-08-25 17:05:00,0.056
2026-08-25 17:06:00,0.087
2026-08-25 17:07:00,0.084
2026-08-25 17:08:00,0.048
2026-08-25 17:09:00,0.092
2026-08-25 17:10:00,0.062
2026-08-25 17:11:00,0.052
2026-08-25 17:12:00,0.048
2026-08-25 17:13:00,0.082
2026-08-25 17:14:00,0.051
2026-08-25 17:15:00,0.057
2026-08-25 17:16:00,0.108
2026-08-25 17:17:00,0.054
2026-08-25 17:18:00,0.061
2026-08-25 17:19:00,0.047
2026-08-25 17:20:00,0.082
2026-08-25 17:21:00,0.104
2026-08-25 17:22:00,0.106
2026-08-25 17:23:00,0.075
2026-08-25 17:24:00,0.055
2026-08-25 17:25:00,0.057
2026-08-25 17:26:00,0.099
2026-08-25 17:27:00,0.056
2026-08-25 17:28:00,0.075
2026-08-25 17:29:00,0.085
2026-08-25 17:30:00,0.043
2026-08-25 17:31:00,0.058
2026-08-25 17:32:00,0.079
2026-08-25 17:33:00,0.083
2026-08-25 17:34:00,0.061
2026-08-25 17:35:00,0.076
2026-08-25 17:36:00,0.065
2026-08-25 17:37:00,0.068
2026-08-25 17:38:00,0.099
2026-08-25 17:39:00,0.112
2026-08-25 17:40:00,0.086
2026-08-25 17:41:00,0.068
2026-08-25 17:42:00,0.073
2026-08-25 17:43:00,0.094
2026-08-25 17:44:00,0.085
2026-08-25 17:45:00,0.069
2026-08-25 17:46:00,0.109
2026-08-25 17:47:00,0.1
2026-08-25 17:48:00,0.07
2026-08-25 17:49:00,0.111
2026-08-25 17:50:00,0.08
2026-08-25 17:51:00,0.075
2026-08-25 17:52:00,0.112
2026-08-25 17:53:00,0.097
2026-08-25 17:54:00,0.119
2026-08-25 17:55:00,0.089
2026-08-25 17:56:00,0.082
2026-08-25 17:57:00,0.099
2026-08-25 17:58:00,0.094
2026-08-25 17:59:00,0.043
2026-08-25 18:00:00,0.085
2026-08-25 18:01:00,0.046
2026-08-25 18:02:00,0.062
2026-08-25 18:03:00,0.091
2026-08-25 18:04:00,0.1
2026-08-25 18:05:00,0.084
2026-08-25 18:06:00,0.063
2026-08-25 18:07:00,0.072
2026-08-25 18:08:00,0.07
2026-08-25 18:09:00,0.053
2026-08-25 18:10:00,0.103
2026-08-25 18:11:00,0.046
2026-08-25 18:12:00,0.118
2026-08-25 18:13:00,0.076
2026-08-25 18:14:00,0.087
2026-08-25 18:15:00,0.06
2026-08-25 18:16:00,0.081
2026-08-25 18:17:00,0.079
2026-08-25 18:18:00,0.045
2026-08-25 18:19:00,0.049
2026-08-25 18:20:00,0.074
2026-08-25 18:21:00,0.118
2026-08-25 18:22:00,0.101
2026-08-25 18:23:00,0.054
2026-08-25 18:24:00,0.059
2026-08-25 18:25:00,0.113
2026-08-25 18:26:00,0.046
2026-08-25 18:27:00,0.1
2026-08-25 18:28:00,0.068
2026-08-25 18:29:00,0.082
2026-08-25 18:30:00,0.058
2026-08-25 18:31:00,0.107
2026-08-25 18:32:00,0.064
2026-08-25 18:33:00,0.089
2026-08-25 18:34:00,0.076
2026-08-25 18:35:00,0.108
2026-08-25 18:36:00,0.092
2026-08-25 18:37:00,0.074
2026-08-25 18:38:00,0.061
2026-08-25 18:39:00,0.059
2026-08-25 18:40:00,0.059
2026-08-25 18:41:00,0.095
2026-08-25 18:42:00,0.117
2026-08-25 18:43:00,0.046
2026-08-25 18:44:00,0.07
2026-08-25 18:45:00,0.083
2026-08-25 18:46:00,0.118
2026-08-25 18:47:00,0.118
2026-08-25 18:48:00,0.077
2026-08-25 18:49:00,0.062
2026-08-25 18:50:00,0.077
2026-08-25 18:51:00,0.044
2026-08-25 18:52:00,0.11
2026-08-25 18:53:00,0.074
2026-08-25 18:54:00,0.084
2026-08-25 18:55:00,0.096
2026-08-25 18:56:00,0.053
2026-08-25 18:57:00,0.063
2026-08-25 18:58:00,0.117
2026-08-25 18:59:00,0.08
2026-08-25 19:00:00,0.115
2026-08-25 19:01:00,0.049
2026-08-25 19:02:00,0.108
2026-08-25 19:03:00,0.08
2026-08-25 19:04:00,0.12
2026-08-25 19:05:00,0.091
2026-08-25 19:06:00,0.056
2026-08-25 19:07:00,0.079
2026-08-25 19:08:00,0.087
2026-08-25 19:09:00,0.069
2026-08-25 19:10:00,0.058
2026-08-25 19:11:00,0.072
2026-08-25 19:12:00,0.092
2026-08-25 19:13:00,0.05
2026-08-25 19:14:00,0.067
2026-08-25 19:15:00,0.092
2026-08-25 19:16:00,0.106
2026-08-25 19:17:00,0.085
2026-08-25 19:18:00,0.104
2026-08-25 19:19:00,0.119
2026-08-25 19:20:00,0.052
2026-08-25 19:21:00,0.102
2026-08-25 19:22:00,0.052
2026-08-25 19:23:00,0.086
2026-08-25 19:24:00,0.047
2026-08-25 19:25:00,0.048
2026-08-25 19:26:00,0.115
2026-08-25 19:27:00,0.117
2026-08-25 19:28:00,0.042
2026-08-25 19:29:00,0.106
2026-08-25 19:30:00,0.072
2026-08-25 19:31:00,0.06
2026-08-25 19:32:00,0.086
2026-08-25 19:33:00,0.071
2026-08-25 19:34:00,0.045
2026-08-25 19:35:00,0.109
2026-08-25 19:36:00,0.061
2026-08-25 19:37:00,0.059
2026-08-25 19:38:00,0.083
2026-08-25 19:39:00,0.075
2026-08-25 19:40:00,0.069
2026-08-25 19:41:00,0.075
2026-08-25 19:42:00,0.103
2026-08-25 19:43:00,0.107
2026-08-25 19:44:00,0.047
2026-08-25 19:45:00,0.102
2026-08-25 19:46:00,0.105
2026-08-25 19:47:00,0.065
2026-08-25 19:48:00,0.064
2026-08-25 19:49:00,0.111
2026-08-25 19:50:00,0.072
2026-08-25 19:51:00,0.073
2026-08-25 19:52:00,0.083
2026-08-25 19:53:00,0.09
2026-08-25 19:54:00,0.085
2026-08-25 19:55:00,0.118
2026-08-25 19:56:00,0.107
2026-08-25 19:57:00,0.101
2026-08-25 19:58:00,0.087
2026-08-25 19:59:00,0.072
2026-08-25 20:00:00,0.112
2026-08-25 20:01:00,0.094
2026-08-25 20:02:00,0.114
2026-08-25 20:03:00,0.051
2026-08-25 20:04:00,0.078
2026-08-25 20:05:00,0.094
2026-08-25 20:06:00,0.079
2026-08-25 20:07:00,0.108
2026-08-25 20:08:00,0.112
2026-08-25 20:09:00,0.052
2026-08-25 20:10:00,0.103
2026-08-25 20:11:00,0.11
2026-08-25 20:12:00,0.059
2026-08-25 20:13:00,0.087
2026-08-25 20:14:00,0.053
2026-08-25 20:15:00,0.12
2026-08-25 20:16:00,0.095
2026-08-25 20:17:00,0.048
2026-08-25 20:18:00,0.046
2026-08-25 20:19:00,0.07
2026-08-25 20:20:00,0.102
2026-08-25 20:21:00,0.061
2026-08-25 20:22:00,0.054
2026-08-25 20:23:00,0.072
2026-08-25 20:24:00,0.1
2026-08-25 20:25:00,0.054
2026-08-25 20:26:00,0.072
2026-08-25 20:27:00,0.102
2026-08-25 20:28:00,0.07
2026-08-25 20:29:00,0.048
2026-08-25 20:30:00,0.097
2026-08-25 20:31:00,0.12
2026-08-25 20:32:00,0.083
2026-08-25 20:33:00,0.049
2026-08-25 20:34:00,0.114
2026-08-25 20:35:00,0.048
2026-08-25 20:36:00,0.106
2026-08-25 20:37:00,0.092
2026-08-25 20:38:00,0.106
2026-08-25 20:39:00,0.068
2026-08-25 20:40:00,0.11
2026-08-25 20:41:00,0.102
2026-08-25 20:42:00,0.087
2026-08-25 20:43:00,0.058
2026-08-25 20:44:00,0.117
2026-08-25 20:45:00,0.096
2026-08-25 20:46:00,0.048
2026-08-25 20:47:00,0.109
2026-08-25 20:48:00,0.065
2026-08-25 20:49:00,0.098
2026-08-25 20:50:00,0.096
2026-08-25 20:51:00,0.11
2026-08-25 20:52:00,0.05
2026-08-25 20:53:00,0.106
2026-08-25 20:54:00,0.088
2026-08-25 20:55:00,0.049
2026-08-25 20:56:00,0.052
2026-08-25 20:57:00,0.068
2026-08-25 20:58:00,0.101
2026-08-25 20:59:00,0.104
2026-08-25 21:00:00,0.073
2026-08-25 21:01:00,0.09
2026-08-25 21:02:00,0.051
2026-08-25 21:03:00,0.058
2026-08-25 21:04:00,0.071
2026-08-25 21:05:00,0.086
2026-08-25 21:06:00,0.089
2026-08-25 21:07:00,0.106
2026-08-25 21:08:00,0.099
2026-08-25 21:09:00,0.072
2026-08-25 21:10:00,0.106
2026-08-25 21:11:00,0.063
2026-08-25 21:12:00,0.073
2026-08-25 21:13:00,0.05
2026-08-25 21:14:00,0.115
2026-08-25 21:15:00,0.053
2026-08-25 21:16:00,0.095
2026-08-25 21:17:00,0.079
2026-08-25 21:18:00,0.116
2026-08-25 21:19:00,0.113
2026-08-25 21:20:00,0.082
2026-08-25 21:21:00,0.071
2026-08-25 21:22:00,0.045
2026-08-25 21:23:00,0.092
2026-08-25 21:24:00,0.057
2026-08-25 21:25:00,0.048
2026-08-25 21:26:00,0.059
2026-08-25 21:27:00,0.099
2026-08-25 21:28:00,0.062
2026-08-25 21:29:00,0.101
2026-08-25 21:30:00,0.042
2026-08-25 21:31:00,0.049
2026-08-25 21:32:00,0.047
2026-08-25 21:33:00,0.104
2026-08-25 21:34:00,0.06
2026-08-25 21:35:00,0.046
2026-08-25 21:36:00,0.09
2026-08-25 21:37:00,0.09
2026-08-25 21:38:00,0.043
2026-08-25 21:39:00,0.1
2026-08-25 21:40:00,0.064
2026-08-25 21:41:00,0.072
2026-08-25 21:42:00,0.067
2026-08-25 21:43:00,0.089
2026-08-25 21:44:00,0.113
2026-08-25 21:45:00,0.11
2026-08-25 21:46:00,0.052
2026-08-25 21:47:00,0.092
2026-08-25 21:48:00,0.045
2026-08-25 21:49:00,0.087
2026-08-25 21:50:00,0.093
2026-08-25 21:51:00,0.054
2026-08-25 21:52:00,0.087
2026-08-25 21:53:00,0.118
2026-08-25 21:54:00,0.068
2026-08-25 21:55:00,0.062
2026-08-25 21:56:00,0.107
2026-08-25 21:57:00,0.041
2026-08-25 21:58:00,0.097
2026-08-25 21:59:00,0.078
2026-08-25 22:00:00,0.11
2026-08-25 22:01:00,0.09
2026-08-25 22:02:00,0.114
2026-08-25 22:03:00,0.045
2026-08-25 22:04:00,0.042
2026-08-25 22:05:00,0.115
2026-08-25 22:06:00,0.042
2026-08-25 22:07:00,0.046
2026-08-25 22:08:00,0.049
2026-08-25 22:09:00,0.117
2026-08-25 22:10:00,0.044
2026-08-25 22:11:00,0.05
2026-08-25 22:12:00,0.083
2026-08-25 22:13:00,0.081
2026-08-25 22:14:00,0.064
2026-08-25 22:15:00,0.063
2026-08-25 22:16:00,0.117
2026-08-25 22:17:00,0.064
2026-08-25 22:18:00,0.107
2026-08-25 22:19:00,0.114
2026-08-25 22:20:00,0.053
2026-08-25 22:21:00,0.084
2026-08-25 22:22:00,0.098
2026-08-25 22:23:00,0.051
2026-08-25 22:24:00,0.079
2026-08-25 22:25:00,0.08
2026-08-25 22:26:00,0.089
2026-08-25 22:27:00,0.047
2026-08-25 22:28:00,0.102
2026-08-25 22:29:00,0.109
2026-08-25 22:30:00,0.099
2026-08-25 22:31:00,0.082
2026-08-25 22:32:00,0.114
2026-08-25 22:33:00,0.107
2026-08-25 22:34:00,0.08
2026-08-25 22:35:00,0.059
2026-08-25 22:36:00,0.062
2026-08-25 22:37:00,0.062
2026-08-25 22:38:00,0.12
2026-08-25 22:39:00,0.06
2026-08-25 22:40:00,0.073
2026-08-25 22:41:00,0.076
2026-08-25 22:42:00,0.068
2026-08-25 22:43:00,0.112
2026-08-25 22:44:00,0.075
2026-08-25 22:45:00,0.12
2026-08-25 22:46:00,0.096
2026-08-25 22:47:00,0.06
2026-08-25 22:48:00,0.071
2026-08-25 22:49:00,0.07
2026-08-25 22:50:00,0.119
2026-08-25 22:51:00,0.077
2026-08-25 22:52:00,0.082
2026-08-25 22:53:00,0.101
2026-08-25 22:54:00,0.058
2026-08-25 22:55:00,0.11
2026-08-25 22:56:00,0.109
2026-08-25 22:57:00,0.052
2026-08-25 22:58:00,0.096
2026-08-25 22:59:00,0.059
2026-08-25 23:00:00,0.098
2026-08-25 23:01:00,0.069
2026-08-25 23:02:00,0.05
2026-08-25 23:03:00,0.051
2026-08-25 23:04:00,0.086
2026-08-25 23:05:00,0.111
2026-08-25 23:06:00,0.051
2026-08-25 23:07:00,0.083
2026-08-25 23:08:00,0.068
2026-08-25 23:09:00,0.113
2026-08-25 23:10:00,0.063
2026-08-25 23:11:00,0.052
2026-08-25 23:12:00,0.105
2026-08-25 23:13:00,0.044
2026-08-25 23:14:00,0.078
2026-08-25 23:15:00,0.107
2026-08-25 23:16:00,0.115
2026-08-25 23:17:00,0.08
2026-08-25 23:18:00,0.089
2026-08-25 23:19:00,0.082
2026-08-25 23:20:00,0.055
2026-08-25 23:21:00,0.094
2026-08-25 23:22:00,0.11
2026-08-25 23:23:00,0.041
2026-08-25 23:24:00,0.052
2026-08-25 23:25:00,0.083
2026-08-25 23:26:00,0.107
2026-08-25 23:27:00,0.113
2026-08-25 23:28:00,0.049
2026-08-25 23:29:00,0.057
2026-08-25 23:30:00,0.063
2026-08-25 23:31:00,0.086
2026-08-25 23:32:00,0.068
2026-08-25 23:33:00,0.088
2026-08-25 23:34:00,0.098
2026-08-25 23:35:00,0.083
2026-08-25 23:36:00,0.055
2026-08-25 23:37:00,0.116
2026-08-25 23:38:00,0.083
2026-08-25 23:39:00,0.046
2026-08-25 23:40:00,0.057
2026-08-25 23:41:00,0.108
2026-08-25 23:42:00,0.089
2026-08-25 23:43:00,0.106
2026-08-25 23:44:00,0.063
2026-08-25 23:45:00,0.113
2026-08-25 23:46:00,0.102
2026-08-25 23:47:00,0.077
2026-08-25 23:48:00,0.116
2026-08-25 23:49:00,0.044
2026-08-25 23:50:00,0.058
2026-08-25 23:51:00,0.047
2026-08-25 23:52:00,0.087
2026-08-25 23:53:00,0.073
2026-08-25 23:54:00,0.052
2026-08-25 23:55:00,0.089
2026-08-25 23:56:00,0.077
2026-08-25 23:57:00,0.046
2026-08-25 23:58:00,0.103
2026-08-25 23:59:00,0.067
2026-08-26 00:00:00,0.105
2026-08-26 00:01:00,0.101
2026-08-26 00:02:00,0.106
2026-08-26 00:03:00,0.07
2026-08-26 00:04:00,0.096
2026-08-26 00:05:00,0.047
2026-08-26 00:06:00,0.062
2026-08-26 00:07:00,0.081
2026-08-26 00:08:00,0.119
2026-08-26 00:09:00,0.113
2026-08-26 00:10:00,0.073
2026-08-26 00:11:00,0.116
2026-08-26 00:12:00,0.044
2026-08-26 00:13:00,0.068
2026-08-26 00:14:00,0.113
2026-08-26 00:15:00,0.104
2026-08-26 00:16:00,0.087
2026-08-26 00:17:00,0.069
2026-08-26 00:18:00,0.102
2026-08-26 00:19:00,0.112
2026-08-26 00:20:00,0.072
2026-08-26 00:21:00,0.11
2026-08-26 00:22:00,0.041
2026-08-26 00:23:00,0.042
2026-08-26 00:24:00,0.119
2026-08-26 00:25:00,0.041
2026-08-26 00:26:00,0.08
2026-08-26 00:27:00,0.1
2026-08-26 00:28:00,0.072
2026-08-26 00:29:00,0.105
2026-08-26 00:30:00,0.115
2026-08-26 00:31:00,0.042
2026-08-26 00:32:00,0.075
2026-08-26 00:33:00,0.118
2026-08-26 00:34:00,0.102
2026-08-26 00:35:00,0.074
2026-08-26 00:36:00,0.044
2026-08-26 00:37:00,0.088
2026-08-26 00:38:00,0.076
2026-08-26 00:39:00,0.103
2026-08-26 00:40:00,0.098
2026-08-26 00:41:00,0.099
2026-08-26 00:42:00,0.072
2026-08-26 00:43:00,0.099
2026-08-26 00:44:00,0.045
2026-08-26 00:45:00,0.069
2026-08-26 00:46:00,0.095
2026-08-26 00:47:00,0.058
2026-08-26 00:48:00,0.108
2026-08-26 00:49:00,0.051
2026-08-26 00:50:00,0.058
2026-08-26 00:51:00,0.048
2026-08-26 00:52:00,0.07
2026-08-26 00:53:00,0.115
2026-08-26 00:54:00,0.101
2026-08-26 00:55:00,0.068
2026-08-26 00:56:00,0.101
2026-08-26 00:57:00,0.048
2026-08-26 00:58:00,0.066
2026-08-26 00:59:00,0.085
2026-08-26 01:00:00,0.09
2026-08-26 01:01:00,0.108
2026-08-26 01:02:00,0.104
2026-08-26 01:03:00,0.094
2026-08-26 01:04:00,0.057
2026-08-26 01:05:00,0.063
2026-08-26 01:06:00,0.085
2026-08-26 01:07:00,0.051
2026-08-26 01:08:00,0.107
2026-08-26 01:09:00,0.044
2026-08-26 01:10:00,0.094
2026-08-26 01:11:00,0.119
2026-08-26 01:12:00,0.085
2026-08-26 01:13:00,0.074
2026-08-26 01:14:00,0.107
2026-08-26 01:15:00,0.082
2026-08-26 01:16:00,0.119
2026-08-26 01:17:00,0.078
2026-08-26 01:18:00,0.058
2026-08-26 01:19:00,0.079
2026-08-26 01:20:00,0.106
2026-08-26 01:21:00,0.085
2026-08-26 01:22:00,0.107
2026-08-26 01:23:00,0.044
2026-08-26 01:24:00,0.101
2026-08-26 01:25:00,0.07
2026-08-26 01:26:00,0.042
2026-08-26 01:27:00,0.043
2026-08-26 01:28:00,0.085
2026-08-26 01:29:00,0.048
2026-08-26 01:30:00,0.069
2026-08-26 01:31:00,0.116
2026-08-26 01:32:00,0.07
2026-08-26 01:33:00,0.087
2026-08-26 01:34:00,0.106
2026-08-26 01:35:00,0.119
2026-08-26 01:36:00,0.041
2026-08-26 01:37:00,0.088
2026-08-26 01:38:00,0.06
2026-08-26 01:39:00,0.041
2026-08-26 01:40:00,0.069
2026-08-26 01:41:00,0.075
2026-08-26 01:42:00,0.068
2026-08-26 01:43:00,0.05
2026-08-26 01:44:00,0.057
2026-08-26 01:45:00,0.078
2026-08-26 01:46:00,0.102
2026-08-26 01:47:00,0.076
2026-08-26 01:48:00,0.079
2026-08-26 01:49:00,0.087
2026-08-26 01:50:00,0.114
2026-08-26 01:51:00,0.041
2026-08-26 01:52:00,0.053
2026-08-26 01:53:00,0.071
2026-08-26 01:54:00,0.099
2026-08-26 01:55:00,0.052
2026-08-26 01:56:00,0.101
2026-08-26 01:57:00,0.093
2026-08-26 01:58:00,0.074
2026-08-26 01:59:00,0.088
2026-08-26 02:00:00,0.047
2026-08-26 02:01:00,0.088
2026-08-26 02:02:00,0.117
2026-08-26 02:03:00,0.058
2026-08-26 02:04:00,0.076
2026-08-26 02:05:00,0.093
2026-08-26 02:06:00,0.112
2026-08-26 02:07:00,0.056
2026-08-26 02:08:00,0.102
2026-08-26 02:09:00,0.042
2026-08-26 02:10:00,0.082
2026-08-26 02:11:00,0.109
2026-08-26 02:12:00,0.053
2026-08-26 02:13:00,0.056
2026-08-26 02:14:00,0.104
2026-08-26 02:15:00,0.1
2026-08-26 02:16:00,0.112
2026-08-26 02:17:00,0.048
2026-08-26 02:18:00,0.07
2026-08-26 02:19:00,0.077
2026-08-26 02:20:00,0.12
2026-08-26 02:21:00,0.088
2026-08-26 02:22:00,0.093
2026-08-26 02:23:00,0.067
2026-08-26 02:24:00,0.083
2026-08-26 02:25:00,0.085
2026-08-26 02:26:00,0.095
2026-08-26 02:27:00,0.051
2026-08-26 02:28:00,0.104
2026-08-26 02:29:00,0.098
2026-08-26 02:30:00,0.074
2026-08-26 02:31:00,0.052
2026-08-26 02:32:00,0.088
2026-08-26 02:33:00,0.115
2026-08-26 02:34:00,0.089
2026-08-26 02:35:00,0.081
2026-08-26 02:36:00,0.074
2026-08-26 02:37:00,0.093
2026-08-26 02:38:00,0.064
2026-08-26 02:39:00,0.09
2026-08-26 02:40:00,0.073
2026-08-26 02:41:00,0.107
2026-08-26 02:42:00,0.099
2026-08-26 02:43:00,0.107
2026-08-26 02:44:00,0.046
2026-08-26 02:45:00,0.06
2026-08-26 02:46:00,0.054
2026-08-26 02:47:00,0.119
2026-08-26 02:48:00,0.071
2026-08-26 02:49:00,0.058
2026-08-26 02:50:00,0.117
2026-08-26 02:51:00,0.068
2026-08-26 02:52:00,0.098
2026-08-26 02:53:00,0.067
2026-08-26 02:54:00,0.09
2026-08-26 02:55:00,0.044
2026-08-26 02:56:00,0.093
2026-08-26 02:57:00,0.06
2026-08-26 02:58:00,0.05
2026-08-26 02:59:00,0.045
2026-08-26 03:00:00,0.087
2026-08-26 03:01:00,0.116
2026-08-26 03:02:00,0.074
2026-08-26 03:03:00,0.069
2026-08-26 03:04:00,0.108
2026-08-26 03:05:00,0.047
2026-08-26 03:06:00,0.117
2026-08-26 03:07:00,0.102
2026-08-26 03:08:00,0.09
2026-08-26 03:09:00,0.054
2026-08-26 03:10:00,0.096
2026-08-26 03:11:00,0.091
2026-08-26 03:12:00,0.112
2026-08-26 03:13:00,0.085
2026-08-26 03:14:00,0.109
2026-08-26 03:15:00,0.073
2026-08-26 03:16:00,0.055
2026-08-26 03:17:00,0.115
2026-08-26 03:18:00,0.087
2026-08-26 03:19:00,0.086
2026-08-26 03:20:00,0.115
2026-08-26 03:21:00,0.076
2026-08-26 03:22:00,0.119
2026-08-26 03:23:00,0.1
2026-08-26 03:24:00,0.091
2026-08-26 03:25:00,0.086
2026-08-26 03:26:00,0.076
2026-08-26 03:27:00,0.106
2026-08-26 03:28:00,0.057
2026-08-26 03:29:00,0.102
2026-08-26 03:30:00,0.046
2026-08-26 03:31:00,0.066
2026-08-26 03:32:00,0.047
2026-08-26 03:33:00,0.052
2026-08-26 03:34:00,0.096
2026-08-26 03:35:00,0.079
2026-08-26 03:36:00,0.048
2026-08-26 03:37:00,0.105
2026-08-26 03:38:00,0.103
2026-08-26 03:39:00,0.101
2026-08-26 03:40:00,0.053
2026-08-26 03:41:00,0.094
2026-08-26 03:42:00,0.053
2026-08-26 03:43:00,0.097
2026-08-26 03:44:00,0.054
2026-08-26 03:45:00,0.111
2026-08-26 03:46:00,1.799
2026-08-26 03:47:00,1.779
2026-08-26 03:48:00,1.773
2026-08-26 03:49:00,1.814
2026-08-26 03:50:00,1.791
2026-08-26 03:51:00,1.777
2026-08-26 03:52:00,1.762
2026-08-26 03:53:00,1.787
2026-08-26 03:54:00,1.773
2026-08-26 03:55:00,1.773
2026-08-26 03:56:00,5.961
2026-08-26 03:57:00,5.949
2026-08-26 03:58:00,5.972
2026-08-26 03:59:00,6.002
2026-08-26 04:00:00,5.939
2026-08-26 04:01:00,5.994
2026-08-26 04:02:00,5.994
2026-08-26 04:03:00,6.017
2026-08-26 04:04:00,5.919
2026-08-26 04:05:00,6.113
2026-08-26 04:06:00,5.97
2026-08-26 04:07:00,6.029
2026-08-26 04:08:00,5.955
2026-08-26 04:09:00,5.938
2026-08-26 04:10:00,6.091
2026-08-26 04:11:00,8.901
2026-08-26 04:12:00,8.853
2026-08-26 04:13:00,8.87
2026-08-26 04:14:00,8.796
2026-08-26 04:15:00,8.926
2026-08-26 04:16:00,8.709
2026-08-26 04:17:00,8.873
2026-08-26 04:18:00,8.793
2026-08-26 04:19:00,8.673
2026-08-26 04:20:00,8.94
2026-08-26 04:21:00,8.627
2026-08-26 04:22:00,8.819
2026-08-26 04:23:00,8.767
2026-08-26 04:24:00,8.61
2026-08-26 04:25:00,8.839
2026-08-26 04:26:00,5.907
2026-08-26 04:27:00,5.817
2026-08-26 04:28:00,5.851
2026-08-26 04:29:00,5.896
2026-08-26 04:30:00,5.854
2026-08-26 04:31:00,5.816
2026-08-26 04:32:00,5.911
2026-08-26 04:33:00,5.834
2026-08-26 04:34:00,5.835
2026-08-26 04:35:00,5.758
2026-08-26 04:36:00,5.806
2026-08-26 04:37:00,5.852
2026-08-26 04:38:00,5.88
2026-08-26 04:39:00,5.803
2026-08-26 04:40:00,5.976
2026-08-26 04:41:00,8.527
2026-08-26 04:42:00,8.543
2026-08-26 04:43:00,8.483
2026-08-26 04:44:00,8.652
2026-08-26 04:45:00,8.463
2026-08-26 04:46:00,8.646
2026-08-26 04:47:00,8.655
2026-08-26 04:48:00,8.631
2026-08-26 04:49:00,8.532
2026-08-26 04:50:00,8.516
2026-08-26 04:51:00,8.442
2026-08-26 04:52:00,8.693
2026-08-26 04:53:00,8.403
2026-08-26 04:54:00,8.661
2026-08-26 04:55:00,8.6
2026-08-26 04:56:00,4.879
2026-08-26 04:57:00,4.842
2026-08-26 04:58:00,4.853
2026-08-26 04:59:00,4.898
2026-08-26 05:00:00,4.972
2026-08-26 05:01:00,4.895
2026-08-26 05:02:00,4.852
2026-08-26 05:03:00,5.024
2026-08-26 05:04:00,5.011
2026-08-26 05:05:00,4.884
2026-08-26 05:06:00,4.843
2026-08-26 05:07:00,5.001
2026-08-26 05:08:00,4.985
2026-08-26 05:09:00,5.018
2026-08-26 05:10:00,4.911
2026-08-26 05:11:00,4.609
2026-08-26 05:12:00,4.629
2026-08-26 05:13:00,4.538
2026-08-26 05:14:00,4.552
2026-08-26 05:15:00,4.543
2026-08-26 05:16:00,4.529
2026-08-26 05:17:00,4.52
2026-08-26 05:18:00,4.641
2026-08-26 05:19:00,4.549
2026-08-26 05:20:00,4.545
2026-08-26 05:21:00,4.557
2026-08-26 05:22:00,4.63
2026-08-26 05:23:00,4.519
2026-08-26 05:24:00,4.677
2026-08-26 05:25:00,4.548
2026-08-26 05:26:00,11.745
2026-08-26 05:27:00,11.498
2026-08-26 05:28:00,11.9
2026-08-26 05:29:00,11.589
2026-08-26 05:30:00,11.46
2026-08-26 05:31:00,11.652
2026-08-26 05:32:00,11.492
2026-08-26 05:33:00,11.48
2026-08-26 05:34:00,11.601
2026-08-26 05:35:00,11.605
2026-08-26 05:36:00,2.191
2026-08-26 05:37:00,2.252
2026-08-26 05:38:00,2.17
2026-08-26 05:39:00,2.247
2026-08-26 05:40:00,2.244
2026-08-26 05:41:00,2.171
2026-08-26 05:42:00,2.209
2026-08-26 05:43:00,2.238
2026-08-26 05:44:00,2.198
2026-08-26 05:45:00,2.191
2026-08-26 05:46:00,2.183
2026-08-26 05:47:00,2.185
2026-08-26 05:48:00,2.208
2026-08-26 05:49:00,2.223
2026-08-26 05:50:00,2.171
2026-08-26 05:51:00,2.128
2026-08-26 05:52:00,2.117
2026-08-26 05:53:00,2.141
2026-08-26 05:54:00,2.166
2026-08-26 05:55:00,2.163
2026-08-26 05:56:00,2.13
2026-08-26 05:57:00,2.114
2026-08-26 05:58:00,2.141
2026-08-26 05:59:00,2.118
2026-08-26 06:00:00,2.193
2026-08-26 06:01:00,2.141
2026-08-26 06:02:00,2.111
2026-08-26 06:03:00,2.193
2026-08-26 06:04:00,2.133
2026-08-26 06:05:00,2.112
2026-08-26 06:06:00,10.325
2026-08-26 06:07:00,10.427
2026-08-26 06:08:00,10.241
2026-08-26 06:09:00,10.155
2026-08-26 06:10:00,10.351
2026-08-26 06:11:00,10.133
2026-08-26 06:12:00,0.083
2026-08-26 06:13:00,0.071
2026-08-26 06:14:00,0.109
2026-08-26 06:15:00,0.047
2026-08-26 06:16:00,0.119
2026-08-26 06:17:00,0.103
2026-08-26 06:18:00,0.065
2026-08-26 06:19:00,0.048
2026-08-26 06:20:00,0.044
2026-08-26 06:21:00,0.047
2026-08-26 06:22:00,0.078
2026-08-26 06:23:00,0.045
2026-08-26 06:24:00,0.05
2026-08-26 06:25:00,0.074
2026-08-26 06:26:00,0.114
2026-08-26 06:27:00,0.098
2026-08-26 06:28:00,0.061
2026-08-26 06:29:00,0.091
2026-08-26 06:30:00,0.084
2026-08-26 06:31:00,6.203
2026-08-26 06:32:00,6.288
2026-08-26 06:33:00,6.282
2026-08-26 06:34:00,6.392
2026-08-26 06:35:00,6.196
2026-08-26 06:36:00,6.255
2026-08-26 06:37:00,6.429
2026-08-26 06:38:00,6.406
2026-08-26 06:39:00,6.416
2026-08-26 06:40:00,6.266
2026-08-26 06:41:00,6.258
2026-08-26 06:42:00,6.421
2026-08-26 06:43:00,6.271
2026-08-26 06:44:00,6.229
2026-08-26 06:45:00,6.412
2026-08-26 06:46:00,6.197
2026-08-26 06:47:00,0.091
2026-08-26 06:48:00,1.4
2026-08-26 06:49:00,1.384
2026-08-26 06:50:00,1.358
2026-08-26 06:51:00,1.399
2026-08-26 06:52:00,1.371
2026-08-26 06:53:00,1.365
2026-08-26 06:54:00,1.388
2026-08-26 06:55:00,1.378
2026-08-26 06:56:00,1.383
2026-08-26 06:57:00,1.387
2026-08-26 06:58:00,1.361
2026-08-26 06:59:00,1.348
2026-08-26 07:00:00,1.358
2026-08-26 07:01:00,1.383
2026-08-26 07:02:00,1.36
2026-08-26 07:03:00,1.379
2026-08-26 07:04:00,1.392
2026-08-26 07:05:00,1.363
2026-08-26 07:06:00,1.362
2026-08-26 07:07:00,1.379
2026-08-26 07:08:00,1.365
2026-08-26 07:09:00,1.401
2026-08-26 07:10:00,1.371
2026-08-26 07:11:00,1.353
2026-08-26 07:12:00,1.367
2026-08-26 07:13:00,1.348
2026-08-26 07:14:00,1.372
2026-08-26 07:15:00,1.354
2026-08-26 07:16:00,1.397
2026-08-26 07:17:00,1.389
2026-08-26 07:18:00,1.375
2026-08-26 07:19:00,0.073
2026-08-26 07:20:00,5.946
2026-08-26 07:21:00,5.959
2026-08-26 07:22:00,6.103
2026-08-26 07:23:00,6.079
2026-08-26 07:24:00,6.034
2026-08-26 07:25:00,6.048
2026-08-26 07:26:00,5.893
2026-08-26 07:27:00,6.026
2026-08-26 07:28:00,6.063
2026-08-26 07:29:00,5.873
2026-08-26 07:30:00,6.061
2026-08-26 07:31:00,5.952
2026-08-26 07:32:00,5.93
2026-08-26 07:33:00,5.895
2026-08-26 07:34:00,5.93
2026-08-26 07:35:00,5.908
2026-08-26 07:36:00,0.069
2026-08-26 07:37:00,0.803
2026-08-26 07:38:00,0.808
2026-08-26 07:39:00,0.811
2026-08-26 07:40:00,0.788
2026-08-26 07:41:00,0.814
2026-08-26 07:42:00,0.788
2026-08-26 07:43:00,0.791
2026-08-26 07:44:00,0.798
2026-08-26 07:45:00,0.815
2026-08-26 07:46:00,0.793
2026-08-26 07:47:00,0.811
2026-08-26 07:48:00,0.808
2026-08-26 07:49:00,0.814
2026-08-26 07:50:00,0.804
2026-08-26 07:51:00,0.809
2026-08-26 07:52:00,0.789
2026-08-26 07:53:00,0.052
2026-08-26 07:54:00,5.893
2026-08-26 07:55:00,6.096
2026-08-26 07:56:00,6.064
2026-08-26 07:57:00,5.868
2026-08-26 07:58:00,0.08
2026-08-26 07:59:00,5.982
2026-08-26 08:00:00,6.064
2026-08-26 08:01:00,6.075
2026-08-26 08:02:00,5.966
2026-08-26 08:03:00,0.119
2026-08-26 08:04:00,6.027
2026-08-26 08:05:00,6.097
2026-08-26 08:06:00,5.953
2026-08-26 08:07:00,0.049
2026-08-26 08:08:00,6.084
2026-08-26 08:09:00,5.902
2026-08-26 08:10:00,5.876
2026-08-26 08:11:00,0.111
2026-08-26 08:12:00,5.867
2026-08-26 08:13:00,5.845
2026-08-26 08:14:00,6.057
2026-08-26 08:15:00,0.092
2026-08-26 08:16:00,6.019
2026-08-26 08:17:00,5.874
2026-08-26 08:18:00,6.017
2026-08-26 08:19:00,0.051
2026-08-26 08:20:00,3.848
2026-08-26 08:21:00,3.847
2026-08-26 08:22:00,3.87
2026-08-26 08:23:00,0.07
2026-08-26 08:24:00,0.058
2026-08-26 08:25:00,0.099
2026-08-26 08:26:00,0.042
2026-08-26 08:27:00,0.111
2026-08-26 08:28:00,0.097
2026-08-26 08:29:00,0.116
2026-08-26 08:30:00,0.059
2026-08-26 08:31:00,0.082
2026-08-26 08:32:00,0.106
2026-08-26 08:33:00,0.057
2026-08-26 08:34:00,0.11
2026-08-26 08:35:00,0.092
2026-08-26 08:36:00,0.099
2026-08-26 08:37:00,0.078
2026-08-26 08:38:00,0.045
2026-08-26 08:39:00,0.093
2026-08-26 08:40:00,0.082
2026-08-26 08:41:00,0.108
2026-08-26 08:42:00,0.12
2026-08-26 08:43:00,0.042
2026-08-26 08:44:00,0.078
2026-08-26 08:45:00,0.052
2026-08-26 08:46:00,0.089
2026-08-26 08:47:00,0.072
2026-08-26 08:48:00,0.063
2026-08-26 08:49:00,0.064
2026-08-26 08:50:00,0.091
2026-08-26 08:51:00,0.061
2026-08-26 08:52:00,0.077
2026-08-26 08:53:00,0.08
2026-08-26 08:54:00,0.076
2026-08-26 08:55:00,0.061
2026-08-26 08:56:00,0.043
2026-08-26 08:57:00,0.058
2026-08-26 08:58:00,0.058
2026-08-26 08:59:00,0.069
2026-08-26 09:00:00,0.09
2026-08-26 09:01:00,0.059
2026-08-26 09:02:00,0.048
2026-08-26 09:03:00,0.057
2026-08-26 09:04:00,0.062
2026-08-26 09:05:00,0.079
2026-08-26 09:06:00,0.069
2026-08-26 09:07:00,0.083
2026-08-26 09:08:00,0.095
2026-08-26 09:09:00,0.077
2026-08-26 09:10:00,0.044
2026-08-26 09:11:00,0.077
2026-08-26 09:12:00,0.102
2026-08-26 09:13:00,0.049
2026-08-26 09:14:00,0.061
2026-08-26 09:15:00,0.111
2026-08-26 09:16:00,0.091
2026-08-26 09:17:00,0.109
2026-08-26 09:18:00,0.061
2026-08-26 09:19:00,0.088
2026-08-26 09:20:00,0.068
2026-08-26 09:21:00,0.041
2026-08-26 09:22:00,0.114
2026-08-26 09:23:00,0.077
2026-08-26 09:24:00,0.061
2026-08-26 09:25:00,0.089
2026-08-26 09:26:00,0.069
2026-08-26 09:27:00,0.045
2026-08-26 09:28:00,0.091
2026-08-26 09:29:00,0.092
2026-08-26 09:30:00,0.095
2026-08-26 09:31:00,0.09
2026-08-26 09:32:00,0.1
2026-08-26 09:33:00,0.05
2026-08-26 09:34:00,0.057
2026-08-26 09:35:00,0.112
2026-08-26 09:36:00,0.12
2026-08-26 09:37:00,0.07
2026-08-26 09:38:00,0.081
2026-08-26 09:39:00,0.094
2026-08-26 09:40:00,0.068
2026-08-26 09:41:00,0.089
2026-08-26 09:42:00,0.06
2026-08-26 09:43:00,0.104
2026-08-26 09:44:00,0.076
2026-08-26 09:45:00,0.095
2026-08-26 09:46:00,0.095
2026-08-26 09:47:00,0.113
2026-08-26 09:48:00,0.045
2026-08-26 09:49:00,0.074
2026-08-26 09:50:00,0.055
2026-08-26 09:51:00,0.081
2026-08-26 09:52:00,0.093
2026-08-26 09:53:00,0.056
2026-08-26 09:54:00,0.055
2026-08-26 09:55:00,0.106
2026-08-26 09:56:00,0.076
2026-08-26 09:57:00,0.063
2026-08-26 09:58:00,0.077
2026-08-26 09:59:00,0.084
2026-08-26 10:00:00,0.043
2026-08-26 10:01:00,0.084
2026-08-26 10:02:00,0.088
2026-08-26 10:03:00,0.101
2026-08-26 10:04:00,0.081
2026-08-26 10:05:00,0.06
2026-08-26 10:06:00,0.048
2026-08-26 10:07:00,0.054
2026-08-26 10:08:00,0.106
2026-08-26 10:09:00,0.04
2026-08-26 10:10:00,0.079
2026-08-26 10:11:00,0.106
2026-08-26 10:12:00,0.082
2026-08-26 10:13:00,0.079
2026-08-26 10:14:00,0.058
2026-08-26 10:15:00,0.099
2026-08-26 10:16:00,0.065
2026-08-26 10:17:00,0.114
2026-08-26 10:18:00,0.081
2026-08-26 10:19:00,0.05
2026-08-26 10:20:00,0.044
2026-08-26 10:21:00,0.117
2026-08-26 10:22:00,0.049
2026-08-26 10:23:00,0.064
2026-08-26 10:24:00,0.046
2026-08-26 10:25:00,0.046
2026-08-26 10:26:00,0.114
2026-08-26 10:27:00,0.06
2026-08-26 10:28:00,0.118
2026-08-26 10:29:00,0.106
2026-08-26 10:30:00,0.103
2026-08-26 10:31:00,0.087
2026-08-26 10:32:00,0.063
2026-08-26 10:33:00,0.091
2026-08-26 10:34:00,0.103
2026-08-26 10:35:00,0.058
2026-08-26 10:36:00,0.088
2026-08-26 10:37:00,0.093
2026-08-26 10:38:00,0.055
2026-08-26 10:39:00,0.06
2026-08-26 10:40:00,0.05
2026-08-26 10:41:00,0.056
2026-08-26 10:42:00,0.088
2026-08-26 10:43:00,0.086
2026-08-26 10:44:00,0.103
2026-08-26 10:45:00,0.086
2026-08-26 10:46:00,0.117
2026-08-26 10:47:00,0.075
2026-08-26 10:48:00,0.054
2026-08-26 10:49:00,0.074
2026-08-26 10:50:00,0.091
2026-08-26 10:51:00,0.11
2026-08-26 10:52:00,0.054
2026-08-26 10:53:00,0.119
2026-08-26 10:54:00,0.093
2026-08-26 10:55:00,0.095
2026-08-26 10:56:00,0.116
2026-08-26 10:57:00,0.086
2026-08-26 10:58:00,0.099
2026-08-26 10:59:00,0.081
2026-08-26 11:00:00,0.082
2026-08-26 11:01:00,0.074
2026-08-26 11:02:00,0.098
2026-08-26 11:03:00,0.048
2026-08-26 11:04:00,0.075
2026-08-26 11:05:00,0.107
2026-08-26 11:06:00,0.097
2026-08-26 11:07:00,0.103
2026-08-26 11:08:00,0.116
2026-08-26 11:09:00,0.113
2026-08-26 11:10:00,0.104
2026-08-26 11:11:00,0.11
2026-08-26 11:12:00,0.101
2026-08-26 11:13:00,0.081
2026-08-26 11:14:00,0.062
2026-08-26 11:15:00,0.067
2026-08-26 11:16:00,0.076
2026-08-26 11:17:00,0.066
2026-08-26 11:18:00,0.102
2026-08-26 11:19:00,0.049
2026-08-26 11:20:00,0.108
2026-08-26 11:21:00,0.117
2026-08-26 11:22:00,0.089
2026-08-26 11:23:00,0.109
2026-08-26 11:24:00,0.062
2026-08-26 11:25:00,0.083
2026-08-26 11:26:00,0.068
2026-08-26 11:27:00,0.118
2026-08-26 11:28:00,0.053
2026-08-26 11:29:00,0.068
2026-08-26 11:30:00,0.071
2026-08-26 11:31:00,0.054
2026-08-26 11:32:00,0.084
2026-08-26 11:33:00,0.063
2026-08-26 11:34:00,0.046
2026-08-26 11:35:00,0.048
2026-08-26 11:36:00,0.085
2026-08-26 11:37:00,0.063
2026-08-26 11:38:00,0.079
2026-08-26 11:39:00,0.084
2026-08-26 11:40:00,0.103
2026-08-26 11:41:00,0.117
2026-08-26 11:42:00,0.05
2026-08-26 11:43:00,0.071
2026-08-26 11:44:00,0.051
2026-08-26 11:45:00,0.055
2026-08-26 11:46:00,0.048
2026-08-26 11:47:00,0.068
2026-08-26 11:48:00,0.089
2026-08-26 11:49:00,0.054
2026-08-26 11:50:00,0.075
2026-08-26 11:51:00,0.044
2026-08-26 11:52:00,0.053
2026-08-26 11:53:00,0.08
2026-08-26 11:54:00,0.088
2026-08-26 11:55:00,0.048
2026-08-26 11:56:00,0.075
2026-08-26 11:57:00,0.045
2026-08-26 11:58:00,0.085
2026-08-26 11:59:00,0.043
2026-08-26 12:00:00,0.05
2026-08-26 12:01:00,0.099
2026-08-26 12:02:00,0.103
2026-08-26 12:03:00,0.093
2026-08-26 12:04:00,0.062
2026-08-26 12:05:00,0.083
2026-08-26 12:06:00,0.043
2026-08-26 12:07:00,0.094
2026-08-26 12:08:00,0.1
2026-08-26 12:09:00,0.064
2026-08-26 12:10:00,0.109
2026-08-26 12:11:00,0.114
2026-08-26 12:12:00,0.087
2026-08-26 12:13:00,0.062
2026-08-26 12:14:00,0.061
2026-08-26 12:15:00,0.097
2026-08-26 12:16:00,0.051
2026-08-26 12:17:00,0.052
2026-08-26 12:18:00,0.104
2026-08-26 12:19:00,0.096
2026-08-26 12:20:00,0.051
2026-08-26 12:21:00,0.076
2026-08-26 12:22:00,0.044
2026-08-26 12:23:00,0.091
2026-08-26 12:24:00,0.118
2026-08-26 12:25:00,0.058
2026-08-26 12:26:00,0.074
2026-08-26 12:27:00,0.113
2026-08-26 12:28:00,0.042
2026-08-26 12:29:00,0.077
2026-08-26 12:30:00,0.088
2026-08-26 12:31:00,0.067
2026-08-26 12:32:00,0.1
2026-08-26 12:33:00,0.103
2026-08-26 12:34:00,0.118
2026-08-26 12:35:00,0.055
2026-08-26 12:36:00,0.097
2026-08-26 12:37:00,0.062
2026-08-26 12:38:00,0.053
2026-08-26 12:39:00,0.119
2026-08-26 12:40:00,0.048
2026-08-26 12:41:00,0.075
2026-08-26 12:42:00,0.058
2026-08-26 12:43:00,0.095
2026-08-26 12:44:00,0.047
2026-08-26 12:45:00,0.097
2026-08-26 12:46:00,0.057
2026-08-26 12:47:00,0.068
2026-08-26 12:48:00,0.056
2026-08-26 12:49:00,0.045
2026-08-26 12:50:00,0.059
2026-08-26 12:51:00,0.061
2026-08-26 12:52:00,0.091
2026-08-26 12:53:00,0.079
2026-08-26 12:54:00,0.052
2026-08-26 12:55:00,0.067
2026-08-26 12:56:00,0.05
2026-08-26 12:57:00,0.083
2026-08-26 12:58:00,0.085
2026-08-26 12:59:00,0.118
2026-08-26 13:00:00,0.094
2026-08-26 13:01:00,0.049
2026-08-26 13:02:00,0.091
2026-08-26 13:03:00,0.114
2026-08-26 13:04:00,0.076
2026-08-26 13:05:00,0.06
2026-08-26 13:06:00,0.05
2026-08-26 13:07:00,0.106
2026-08-26 13:08:00,0.089
2026-08-26 13:09:00,0.082
2026-08-26 13:10:00,0.074
2026-08-26 13:11:00,0.063
2026-08-26 13:12:00,0.1
2026-08-26 13:13:00,0.073
2026-08-26 13:14:00,0.09
2026-08-26 13:15:00,0.112
2026-08-26 13:16:00,0.066
2026-08-26 13:17:00,0.09
2026-08-26 13:18:00,0.106
2026-08-26 13:19:00,0.07
2026-08-26 13:20:00,0.059
2026-08-26 13:21:00,0.062
2026-08-26 13:22:00,0.073
2026-08-26 13:23:00,0.103
2026-08-26 13:24:00,0.082
2026-08-26 13:25:00,0.084
2026-08-26 13:26:00,0.091
2026-08-26 13:27:00,0.094
2026-08-26 13:28:00,0.08
2026-08-26 13:29:00,0.041
2026-08-26 13:30:00,0.047
2026-08-26 13:31:00,0.063
2026-08-26 13:32:00,0.062
2026-08-26 13:33:00,0.107
2026-08-26 13:34:00,0.1
2026-08-26 13:35:00,0.072
2026-08-26 13:36:00,0.054
2026-08-26 13:37:00,0.086
2026-08-26 13:38:00,0.086
2026-08-26 13:39:00,0.077
2026-08-26 13:40:00,0.079
2026-08-26 13:41:00,0.064
2026-08-26 13:42:00,0.056
2026-08-26 13:43:00,0.112
2026-08-26 13:44:00,0.104
2026-08-26 13:45:00,0.055
2026-08-26 13:46:00,0.096
2026-08-26 13:47:00,0.119
2026-08-26 13:48:00,0.084
2026-08-26 13:49:00,0.105
2026-08-26 13:50:00,0.111
2026-08-26 13:51:00,0.075
2026-08-26 13:52:00,0.098
2026-08-26 13:53:00,0.107
2026-08-26 13:54:00,0.077
2026-08-26 13:55:00,0.105
2026-08-26 13:56:00,0.115
2026-08-26 13:57:00,0.109
2026-08-26 13:58:00,0.107
2026-08-26 13:59:00,0.061
2026-08-26 14:00:00,0.04
2026-08-26 14:01:00,0.077
2026-08-26 14:02:00,0.101
2026-08-26 14:03:00,0.054
2026-08-26 14:04:00,0.119
2026-08-26 14:05:00,0.112
2026-08-26 14:06:00,0.111
2026-08-26 14:07:00,0.117
2026-08-26 14:08:00,0.071
2026-08-26 14:09:00,0.113
2026-08-26 14:10:00,0.102
2026-08-26 14:11:00,0.105
2026-08-26 14:12:00,0.091
2026-08-26 14:13:00,0.082
2026-08-26 14:14:00,0.056
2026-08-26 14:15:00,0.058
2026-08-26 14:16:00,0.075
2026-08-26 14:17:00,0.111
2026-08-26 14:18:00,0.103
2026-08-26 14:19:00,0.094
2026-08-26 14:20:00,0.066
2026-08-26 14:21:00,0.081
2026-08-26 14:22:00,0.044
2026-08-26 14:23:00,0.103
2026-08-26 14:24:00,0.09
2026-08-26 14:25:00,0.081
2026-08-26 14:26:00,0.094
2026-08-26 14:27:00,0.099
2026-08-26 14:28:00,0.104
2026-08-26 14:29:00,0.086
2026-08-26 14:30:00,0.073
2026-08-26 14:31:00,0.103
2026-08-26 14:32:00,0.082
2026-08-26 14:33:00,0.108
2026-08-26 14:34:00,0.117
2026-08-26 14:35:00,0.063
2026-08-26 14:36:00,0.059
2026-08-26 14:37:00,0.041
2026-08-26 14:38:00,0.114
2026-08-26 14:39:00,0.071
2026-08-26 14:40:00,0.044
2026-08-26 14:41:00,0.05
2026-08-26 14:42:00,0.067
2026-08-26 14:43:00,0.076
2026-08-26 14:44:00,0.05
2026-08-26 14:45:00,0.049
2026-08-26 14:46:00,0.087
2026-08-26 14:47:00,0.099
2026-08-26 14:48:00,0.104
2026-08-26 14:49:00,0.11
2026-08-26 14:50:00,0.106
2026-08-26 14:51:00,0.043
2026-08-26 14:52:00,0.075
2026-08-26 14:53:00,0.075
2026-08-26 14:54:00,0.109
2026-08-26 14:55:00,0.058
2026-08-26 14:56:00,0.073
2026-08-26 14:57:00,0.101
2026-08-26 14:58:00,0.079
2026-08-26 14:59:00,0.101
2026-08-26 15:00:00,0.105
2026-08-26 15:01:00,0.108
2026-08-26 15:02:00,0.077
2026-08-26 15:03:00,0.042
2026-08-26 15:04:00,0.04
2026-08-26 15:05:00,0.072
2026-08-26 15:06:00,0.097
2026-08-26 15:07:00,0.088
2026-08-26 15:08:00,0.097
2026-08-26 15:09:00,0.07
2026-08-26 15:10:00,0.088
2026-08-26 15:11:00,0.042
2026-08-26 15:12:00,0.094
2026-08-26 15:13:00,0.103
2026-08-26 15:14:00,0.04
2026-08-26 15:15:00,0.097
2026-08-26 15:16:00,0.1
2026-08-26 15:17:00,0.113
2026-08-26 15:18:00,0.111
2026-08-26 15:19:00,0.04
2026-08-26 15:20:00,0.047
2026-08-26 15:21:00,0.095
2026-08-26 15:22:00,0.072
2026-08-26 15:23:00,0.079
2026-08-26 15:24:00,0.119
2026-08-26 15:25:00,0.099
2026-08-26 15:26:00,0.101
2026-08-26 15:27:00,0.051
2026-08-26 15:28:00,0.047
2026-08-26 15:29:00,0.1
2026-08-26 15:30:00,0.076
2026-08-26 15:31:00,0.114
2026-08-26 15:32:00,0.074
2026-08-26 15:33:00,0.099
2026-08-26 15:34:00,0.077
2026-08-26 15:35:00,0.105
2026-08-26 15:36:00,0.069
2026-08-26 15:37:00,0.081
2026-08-26 15:38:00,0.093
2026-08-26 15:39:00,0.075
2026-08-26 15:40:00,0.071
2026-08-26 15:41:00,0.088
2026-08-26 15:42:00,0.082
2026-08-26 15:43:00,0.104
2026-08-26 15:44:00,0.06
2026-08-26 15:45:00,0.052
2026-08-26 15:46:00,0.093
2026-08-26 15:47:00,0.107
2026-08-26 15:48:00,0.048
2026-08-26 15:49:00,0.099
2026-08-26 15:50:00,0.041
2026-08-26 15:51:00,0.092
2026-08-26 15:52:00,0.08
2026-08-26 15:53:00,0.046
2026-08-26 15:54:00,0.102
2026-08-26 15:55:00,0.097
2026-08-26 15:56:00,0.064
2026-08-26 15:57:00,0.041
2026-08-26 15:58:00,0.047
2026-08-26 15:59:00,0.079
2026-08-26 16:00:00,0.053
2026-08-26 16:01:00,0.066
2026-08-26 16:02:00,0.062
2026-08-26 16:03:00,0.048
2026-08-26 16:04:00,0.107
2026-08-26 16:05:00,0.062
2026-08-26 16:06:00,0.061
2026-08-26 16:07:00,0.047
2026-08-26 16:08:00,0.087
2026-08-26 16:09:00,0.103
2026-08-26 16:10:00,0.051
2026-08-26 16:11:00,0.074
2026-08-26 16:12:00,0.077
2026-08-26 16:13:00,0.103
2026-08-26 16:14:00,0.06
2026-08-26 16:15:00,0.057
2026-08-26 16:16:00,0.065
2026-08-26 16:17:00,0.055
2026-08-26 16:18:00,0.067
2026-08-26 16:19:00,0.107
2026-08-26 16:20:00,0.084
2026-08-26 16:21:00,0.068
2026-08-26 16:22:00,0.063
2026-08-26 16:23:00,0.071
2026-08-26 16:24:00,0.058
2026-08-26 16:25:00,0.042
2026-08-26 16:26:00,0.104
2026-08-26 16:27:00,0.103
2026-08-26 16:28:00,0.118
2026-08-26 16:29:00,0.066
2026-08-26 16:30:00,0.043
2026-08-26 16:31:00,0.107
2026-08-26 16:32:00,0.094
2026-08-26 16:33:00,0.047
2026-08-26 16:34:00,0.105
2026-08-26 16:35:00,0.118
2026-08-26 16:36:00,0.044
2026-08-26 16:37:00,0.077
2026-08-26 16:38:00,0.051
2026-08-26 16:39:00,0.107
2026-08-26 16:40:00,0.089
2026-08-26 16:41:00,0.042
2026-08-26 16:42:00,0.045
2026-08-26 16:43:00,0.082
2026-08-26 16:44:00,0.075
2026-08-26 16:45:00,0.076
2026-08-26 16:46:00,0.054
2026-08-26 16:47:00,0.069
2026-08-26 16:48:00,0.11
2026-08-26 16:49:00,0.086
2026-08-26 16:50:00,0.056
2026-08-26 16:51:00,0.086
2026-08-26 16:52:00,0.055
2026-08-26 16:53:00,0.075
2026-08-26 16:54:00,0.071
2026-08-26 16:55:00,0.042
2026-08-26 16:56:00,0.082
2026-08-26 16:57:00,0.093
2026-08-26 16:58:00,0.12
2026-08-26 16:59:00,0.048
2026-08-26 17:00:00,0.112
2026-08-26 17:01:00,0.056
2026-08-26 17:02:00,0.099
2026-08-26 17:03:00,0.064
2026-08-26 17:04:00,0.053
2026-08-26 17:05:00,0.063
2026-08-26 17:06:00,0.044
2026-08-26 17:07:00,0.047
2026-08-26 17:08:00,0.106
2026-08-26 17:09:00,0.058
2026-08-26 17:10:00,0.097
2026-08-26 17:11:00,0.052
2026-08-26 17:12:00,0.076
2026-08-26 17:13:00,0.06
2026-08-26 17:14:00,0.042
2026-08-26 17:15:00,0.044
2026-08-26 17:16:00,0.045
2026-08-26 17:17:00,0.089
2026-08-26 17:18:00,0.09
2026-08-26 17:19:00,0.112
2026-08-26 17:20:00,0.081
2026-08-26 17:21:00,0.094
2026-08-26 17:22:00,0.084
2026-08-26 17:23:00,0.099
2026-08-26 17:24:00,0.114
2026-08-26 17:25:00,0.095
2026-08-26 17:26:00,0.074
2026-08-26 17:27:00,0.072
2026-08-26 17:28:00,0.089
2026-08-26 17:29:00,0.069
2026-08-26 17:30:00,0.081
2026-08-26 17:31:00,0.067
2026-08-26 17:32:00,0.057
2026-08-26 17:33:00,0.087
2026-08-26 17:34:00,0.055
2026-08-26 17:35:00,0.086
2026-08-26 17:36:00,0.095
2026-08-26 17:37:00,0.112
2026-08-26 17:38:00,0.048
2026-08-26 17:39:00,0.103
2026-08-26 17:40:00,0.092
2026-08-26 17:41:00,0.077
2026-08-26 17:42:00,0.043
2026-08-26 17:43:00,0.055
2026-08-26 17:44:00,0.047
2026-08-26 17:45:00,0.093
2026-08-26 17:46:00,0.062
2026-08-26 17:47:00,0.088
2026-08-26 17:48:00,0.069
2026-08-26 17:49:00,0.095
2026-08-26 17:50:00,0.101
2026-08-26 17:51:00,0.046
2026-08-26 17:52:00,0.063
2026-08-26 17:53:00,0.086
2026-08-26 17:54:00,0.108
2026-08-26 17:55:00,0.108
2026-08-26 17:56:00,0.071
2026-08-26 17:57:00,0.098
2026-08-26 17:58:00,0.11
2026-08-26 17:59:00,0.08
2026-08-26 18:00:00,0.102
2026-08-26 18:01:00,0.096
2026-08-26 18:02:00,0.053
2026-08-26 18:03:00,0.083
2026-08-26 18:04:00,0.064
2026-08-26 18:05:00,0.113
2026-08-26 18:06:00,0.062
2026-08-26 18:07:00,0.115
2026-08-26 18:08:00,0.106
2026-08-26 18:09:00,0.09
2026-08-26 18:10:00,0.06
2026-08-26 18:11:00,0.059
2026-08-26 18:12:00,0.106
2026-08-26 18:13:00,0.042
2026-08-26 18:14:00,0.084
2026-08-26 18:15:00,0.055
2026-08-26 18:16:00,0.083
2026-08-26 18:17:00,0.096
2026-08-26 18:18:00,0.092
2026-08-26 18:19:00,0.051
2026-08-26 18:20:00,0.089
2026-08-26 18:21:00,0.086
2026-08-26 18:22:00,0.097
2026-08-26 18:23:00,0.096
2026-08-26 18:24:00,0.103
2026-08-26 18:25:00,0.044
2026-08-26 18:26:00,0.094
2026-08-26 18:27:00,0.06
2026-08-26 18:28:00,0.04
2026-08-26 18:29:00,0.048
2026-08-26 18:30:00,0.088
2026-08-26 18:31:00,0.066
2026-08-26 18:32:00,0.061
2026-08-26 18:33:00,0.074
2026-08-26 18:34:00,0.069
2026-08-26 18:35:00,0.046
2026-08-26 18:36:00,0.106
2026-08-26 18:37:00,0.045
2026-08-26 18:38:00,0.102
2026-08-26 18:39:00,0.061
2026-08-26 18:40:00,0.094
2026-08-26 18:41:00,0.106
2026-08-26 18:42:00,0.112
2026-08-26 18:43:00,0.078
2026-08-26 18:44:00,0.071
2026-08-26 18:45:00,0.096
2026-08-26 18:46:00,0.043
2026-08-26 18:47:00,0.077
2026-08-26 18:48:00,0.109
2026-08-26 18:49:00,0.117
2026-08-26 18:50:00,0.093
2026-08-26 18:51:00,0.115
2026-08-26 18:52:00,0.07
2026-08-26 18:53:00,0.091
2026-08-26 18:54:00,0.074
2026-08-26 18:55:00,0.054
2026-08-26 18:56:00,0.048
2026-08-26 18:57:00,0.088
2026-08-26 18:58:00,0.1
2026-08-26 18:59:00,0.049
2026-08-26 19:00:00,0.115
2026-08-26 19:01:00,0.068
2026-08-26 19:02:00,0.11
2026-08-26 19:03:00,0.118
2026-08-26 19:04:00,0.071
2026-08-26 19:05:00,0.083
2026-08-26 19:06:00,0.056
2026-08-26 19:07:00,0.09
2026-08-26 19:08:00,0.1
2026-08-26 19:09:00,0.067
2026-08-26 19:10:00,0.071
2026-08-26 19:11:00,0.118
2026-08-26 19:12:00,0.106
2026-08-26 19:13:00,0.087
2026-08-26 19:14:00,0.089
2026-08-26 19:15:00,0.065
2026-08-26 19:16:00,0.053
2026-08-26 19:17:00,0.059
2026-08-26 19:18:00,0.098
2026-08-26 19:19:00,0.072
2026-08-26 19:20:00,0.047
2026-08-26 19:21:00,0.064
2026-08-26 19:22:00,0.078
2026-08-26 19:23:00,0.089
2026-08-26 19:24:00,0.078
2026-08-26 19:25:00,0.094
2026-08-26 19:26:00,0.102
2026-08-26 19:27:00,0.078
2026-08-26 19:28:00,0.108
2026-08-26 19:29:00,0.071
2026-08-26 19:30:00,0.118
2026-08-26 19:31:00,0.075
2026-08-26 19:32:00,0.052
2026-08-26 19:33:00,0.116
2026-08-26 19:34:00,0.068
2026-08-26 19:35:00,0.093
2026-08-26 19:36:00,0.076
2026-08-26 19:37:00,0.055
2026-08-26 19:38:00,0.071
2026-08-26 19:39:00,0.059
2026-08-26 19:40:00,0.06
2026-08-26 19:41:00,0.083
2026-08-26 19:42:00,0.092
2026-08-26 19:43:00,0.048
2026-08-26 19:44:00,0.074
2026-08-26 19:45:00,0.098
2026-08-26 19:46:00,0.044
2026-08-26 19:47:00,0.073
2026-08-26 19:48:00,0.097
2026-08-26 19:49:00,0.068
2026-08-26 19:50:00,0.058
2026-08-26 19:51:00,0.078
2026-08-26 19:52:00,0.062
2026-08-26 19:53:00,0.097
2026-08-26 19:54:00,0.108
2026-08-26 19:55:00,0.046
2026-08-26 19:56:00,0.117
2026-08-26 19:57:00,0.115
2026-08-26 19:58:00,0.083
2026-08-26 19:59:00,0.052
2026-08-26 20:00:00,0.053
2026-08-26 20:01:00,0.065
2026-08-26 20:02:00,0.066
2026-08-26 20:03:00,0.044
2026-08-26 20:04:00,0.068
2026-08-26 20:05:00,0.067
2026-08-26 20:06:00,0.046
2026-08-26 20:07:00,0.089
2026-08-26 20:08:00,0.101
2026-08-26 20:09:00,0.101
2026-08-26 20:10:00,0.064
2026-08-26 20:11:00,0.059
2026-08-26 20:12:00,0.103
2026-08-26 20:13:00,0.11
2026-08-26 20:14:00,0.042
2026-08-26 20:15:00,0.057
2026-08-26 20:16:00,0.048
2026-08-26 20:17:00,0.096
2026-08-26 20:18:00,0.046
2026-08-26 20:19:00,0.063
2026-08-26 20:20:00,0.072
2026-08-26 20:21:00,0.096
2026-08-26 20:22:00,0.08
2026-08-26 20:23:00,0.059
2026-08-26 20:24:00,0.081
2026-08-26 20:25:00,0.075
2026-08-26 20:26:00,0.06
2026-08-26 20:27:00,0.089
2026-08-26 20:28:00,0.057
2026-08-26 20:29:00,0.051
2026-08-26 20:30:00,0.067
2026-08-26 20:31:00,0.067
2026-08-26 20:32:00,0.096
2026-08-26 20:33:00,0.118
2026-08-26 20:34:00,0.118
2026-08-26 20:35:00,0.089
2026-08-26 20:36:00,0.041
2026-08-26 20:37:00,0.112
2026-08-26 20:38:00,0.078
2026-08-26 20:39:00,0.055
2026-08-26 20:40:00,0.094
2026-08-26 20:41:00,0.108
2026-08-26 20:42:00,0.113
2026-08-26 20:43:00,0.064
2026-08-26 20:44:00,0.049
2026-08-26 20:45:00,0.045
2026-08-26 20:46:00,0.109
2026-08-26 20:47:00,0.079
2026-08-26 20:48:00,0.12
2026-08-26 20:49:00,0.097
2026-08-26 20:50:00,0.091
2026-08-26 20:51:00,0.06
2026-08-26 20:52:00,0.065
2026-08-26 20:53:00,0.111
2026-08-26 20:54:00,0.115
2026-08-26 20:55:00,0.065
2026-08-26 20:56:00,0.113
2026-08-26 20:57:00,0.113
2026-08-26 20:58:00,0.097
2026-08-26 20:59:00,0.104
2026-08-26 21:00:00,0.107
2026-08-26 21:01:00,0.074
2026-08-26 21:02:00,0.098
2026-08-26 21:03:00,0.1
2026-08-26 21:04:00,0.088
2026-08-26 21:05:00,0.094
2026-08-26 21:06:00,0.057
2026-08-26 21:07:00,0.088
2026-08-26 21:08:00,0.07
2026-08-26 21:09:00,0.116
2026-08-26 21:10:00,0.07
2026-08-26 21:11:00,0.103
2026-08-26 21:12:00,0.083
2026-08-26 21:13:00,0.058
2026-08-26 21:14:00,0.11
2026-08-26 21:15:00,0.075
2026-08-26 21:16:00,0.057
2026-08-26 21:17:00,0.057
2026-08-26 21:18:00,0.071
2026-08-26 21:19:00,0.095
2026-08-26 21:20:00,0.103
2026-08-26 21:21:00,0.094
2026-08-26 21:22:00,0.109
2026-08-26 21:23:00,0.076
2026-08-26 21:24:00,0.067
2026-08-26 21:25:00,0.079
2026-08-26 21:26:00,0.066
2026-08-26 21:27:00,0.073
2026-08-26 21:28:00,0.084
2026-08-26 21:29:00,0.102
2026-08-26 21:30:00,0.118
2026-08-26 21:31:00,0.086
2026-08-26 21:32:00,0.096
2026-08-26 21:33:00,0.074
2026-08-26 21:34:00,0.051
2026-08-26 21:35:00,0.092
2026-08-26 21:36:00,0.085
2026-08-26 21:37:00,0.072
2026-08-26 21:38:00,0.077
2026-08-26 21:39:00,0.067
2026-08-26 21:40:00,0.076
2026-08-26 21:41:00,0.105
2026-08-26 21:42:00,0.12
2026-08-26 21:43:00,0.114
2026-08-26 21:44:00,0.097
2026-08-26 21:45:00,0.11
2026-08-26 21:46:00,0.078
2026-08-26 21:47:00,0.118
2026-08-26 21:48:00,0.068
2026-08-26 21:49:00,0.114
2026-08-26 21:50:00,0.099
2026-08-26 21:51:00,0.05
2026-08-26 21:52:00,0.094
2026-08-26 21:53:00,0.054
2026-08-26 21:54:00,0.04
2026-08-26 21:55:00,0.108
2026-08-26 21:56:00,0.05
2026-08-26 21:57:00,0.04
2026-08-26 21:58:00,0.105
2026-08-26 21:59:00,0.066
2026-08-26 22:00:00,0.087
2026-08-26 22:01:00,0.109
2026-08-26 22:02:00,0.069
2026-08-26 22:03:00,0.052
2026-08-26 22:04:00,0.116
2026-08-26 22:05:00,0.057
2026-08-26 22:06:00,0.111
2026-08-26 22:07:00,0.115
2026-08-26 22:08:00,0.101
2026-08-26 22:09:00,0.108
2026-08-26 22:10:00,0.064
2026-08-26 22:11:00,0.117
2026-08-26 22:12:00,0.041
2026-08-26 22:13:00,0.096
2026-08-26 22:14:00,0.116
2026-08-26 22:15:00,0.053
2026-08-26 22:16:00,0.088
2026-08-26 22:17:00,0.04
2026-08-26 22:18:00,0.09
2026-08-26 22:19:00,0.087
2026-08-26 22:20:00,0.044
2026-08-26 22:21:00,0.06
2026-08-26 22:22:00,0.113
2026-08-26 22:23:00,0.096
2026-08-26 22:24:00,0.068
2026-08-26 22:25:00,0.082
2026-08-26 22:26:00,0.076
2026-08-26 22:27:00,0.062
2026-08-26 22:28:00,0.045
2026-08-26 22:29:00,0.113
2026-08-26 22:30:00,0.115
2026-08-26 22:31:00,0.111
2026-08-26 22:32:00,0.051
2026-08-26 22:33:00,0.058
2026-08-26 22:34:00,0.111
2026-08-26 22:35:00,0.051
2026-08-26 22:36:00,0.041
2026-08-26 22:37:00,0.064
2026-08-26 22:38:00,0.056
2026-08-26 22:39:00,0.043
2026-08-26 22:40:00,0.114
2026-08-26 22:41:00,0.075
2026-08-26 22:42:00,0.076
2026-08-26 22:43:00,0.075
2026-08-26 22:44:00,0.088
2026-08-26 22:45:00,0.106
2026-08-26 22:46:00,0.058
2026-08-26 22:47:00,0.052
2026-08-26 22:48:00,0.087
2026-08-26 22:49:00,0.119
2026-08-26 22:50:00,0.112
2026-08-26 22:51:00,0.061
2026-08-26 22:52:00,0.048
2026-08-26 22:53:00,0.095
2026-08-26 22:54:00,0.107
2026-08-26 22:55:00,0.114
2026-08-26 22:56:00,0.042
2026-08-26 22:57:00,0.099
2026-08-26 22:58:00,0.098
2026-08-26 22:59:00,0.068
2026-08-26 23:00:00,0.067
2026-08-26 23:01:00,0.091
2026-08-26 23:02:00,0.094
2026-08-26 23:03:00,0.046
2026-08-26 23:04:00,0.071
2026-08-26 23:05:00,0.047
2026-08-26 23:06:00,0.053
2026-08-26 23:07:00,0.073
2026-08-26 23:08:00,0.084
2026-08-26 23:09:00,0.093
2026-08-26 23:10:00,0.053
2026-08-26 23:11:00,0.118
2026-08-26 23:12:00,0.062
2026-08-26 23:13:00,0.063
2026-08-26 23:14:00,0.1
2026-08-26 23:15:00,0.086
2026-08-26 23:16:00,0.081
2026-08-26 23:17:00,0.068
2026-08-26 23:18:00,0.056
2026-08-26 23:19:00,0.089
2026-08-26 23:20:00,0.048
2026-08-26 23:21:00,0.075
2026-08-26 23:22:00,0.078
2026-08-26 23:23:00,0.064
2026-08-26 23:24:00,0.086
2026-08-26 23:25:00,0.054
2026-08-26 23:26:00,0.065
2026-08-26 23:27:00,0.106
2026-08-26 23:28:00,0.075
2026-08-26 23:29:00,0.08
2026-08-26 23:30:00,0.082
2026-08-26 23:31:00,0.084
2026-08-26 23:32:00,0.11
2026-08-26 23:33:00,0.085
2026-08-26 23:34:00,0.066
2026-08-26 23:35:00,0.11
2026-08-26 23:36:00,0.079
2026-08-26 23:37:00,0.114
2026-08-26 23:38:00,0.078
2026-08-26 23:39:00,0.057
2026-08-26 23:40:00,0.08
2026-08-26 23:41:00,0.098
2026-08-26 23:42:00,0.102
2026-08-26 23:43:00,0.068
2026-08-26 23:44:00,0.083
2026-08-26 23:45:00,0.055
2026-08-26 23:46:00,0.057
2026-08-26 23:47:00,0.119
2026-08-26 23:48:00,0.106
2026-08-26 23:49:00,0.068
2026-08-26 23:50:00,0.094
2026-08-26 23:51:00,0.07
2026-08-26 23:52:00,0.084
2026-08-26 23:53:00,0.053
2026-08-26 23:54:00,0.058
2026-08-26 23:55:00,0.069
2026-08-26 23:56:00,0.103
2026-08-26 23:57:00,0.05
2026-08-26 23:58:00,0.04
2026-08-26 23:59:00,0.045
2026-08-27 00:00:00,0.09
2026-08-27 00:01:00,0.075
2026-08-27 00:02:00,0.116
2026-08-27 00:03:00,0.11
2026-08-27 00:04:00,0.055
2026-08-27 00:05:00,0.046
2026-08-27 00:06:00,0.083
2026-08-27 00:07:00,0.07
2026-08-27 00:08:00,0.101
2026-08-27 00:09:00,0.065
2026-08-27 00:10:00,0.103
2026-08-27 00:11:00,0.118
2026-08-27 00:12:00,0.069
2026-08-27 00:13:00,0.077
2026-08-27 00:14:00,0.078
2026-08-27 00:15:00,0.115
2026-08-27 00:16:00,0.09
2026-08-27 00:17:00,0.087
2026-08-27 00:18:00,0.077
2026-08-27 00:19:00,0.109
2026-08-27 00:20:00,0.045
2026-08-27 00:21:00,0.055
2026-08-27 00:22:00,0.119
2026-08-27 00:23:00,0.065
2026-08-27 00:24:00,0.12
2026-08-27 00:25:00,0.063
2026-08-27 00:26:00,0.065
2026-08-27 00:27:00,0.082
2026-08-27 00:28:00,0.068
2026-08-27 00:29:00,0.083
2026-08-27 00:30:00,0.111
2026-08-27 00:31:00,0.114
2026-08-27 00:32:00,0.08
2026-08-27 00:33:00,0.104
2026-08-27 00:34:00,0.068
2026-08-27 00:35:00,0.119
2026-08-27 00:36:00,0.077
2026-08-27 00:37:00,0.063
2026-08-27 00:38:00,0.113
2026-08-27 00:39:00,0.105
2026-08-27 00:40:00,0.071
2026-08-27 00:41:00,0.053
2026-08-27 00:42:00,0.118
2026-08-27 00:43:00,0.053
2026-08-27 00:44:00,0.043
2026-08-27 00:45:00,0.061
2026-08-27 00:46:00,0.046
2026-08-27 00:47:00,0.047
2026-08-27 00:48:00,0.092
2026-08-27 00:49:00,0.07
2026-08-27 00:50:00,0.074
2026-08-27 00:51:00,0.063
2026-08-27 00:52:00,0.087
2026-08-27 00:53:00,0.12
2026-08-27 00:54:00,0.1
2026-08-27 00:55:00,0.105
2026-08-27 00:56:00,0.073
2026-08-27 00:57:00,0.107
2026-08-27 00:58:00,0.046
2026-08-27 00:59:00,0.109
2026-08-27 01:00:00,0.072
2026-08-27 01:01:00,0.067
2026-08-27 01:02:00,0.097
2026-08-27 01:03:00,0.086
2026-08-27 01:04:00,0.096
2026-08-27 01:05:00,0.105
2026-08-27 01:06:00,0.089
2026-08-27 01:07:00,0.062
2026-08-27 01:08:00,0.085
2026-08-27 01:09:00,0.063
2026-08-27 01:10:00,0.109
2026-08-27 01:11:00,0.082
2026-08-27 01:12:00,0.073
2026-08-27 01:13:00,0.116
2026-08-27 01:14:00,0.114
2026-08-27 01:15:00,0.107
2026-08-27 01:16:00,0.082
2026-08-27 01:17:00,0.102
2026-08-27 01:18:00,0.109
2026-08-27 01:19:00,0.043
2026-08-27 01:20:00,0.102
2026-08-27 01:21:00,0.111
2026-08-27 01:22:00,0.108
2026-08-27 01:23:00,0.082
2026-08-27 01:24:00,0.099
2026-08-27 01:25:00,0.083
2026-08-27 01:26:00,0.078
2026-08-27 01:27:00,0.116
2026-08-27 01:28:00,0.112
2026-08-27 01:29:00,0.114
2026-08-27 01:30:00,0.099
2026-08-27 01:31:00,0.053
2026-08-27 01:32:00,0.108
2026-08-27 01:33:00,0.046
2026-08-27 01:34:00,0.105
2026-08-27 01:35:00,0.061
2026-08-27 01:36:00,0.108
2026-08-27 01:37:00,0.096
2026-08-27 01:38:00,0.106
2026-08-27 01:39:00,0.059
2026-08-27 01:40:00,0.12
2026-08-27 01:41:00,0.089
2026-08-27 01:42:00,0.069
2026-08-27 01:43:00,0.081
2026-08-27 01:44:00,0.11
2026-08-27 01:45:00,0.043
2026-08-27 01:46:00,0.072
2026-08-27 01:47:00,0.064
2026-08-27 01:48:00,0.083
2026-08-27 01:49:00,0.056
2026-08-27 01:50:00,0.106
2026-08-27 01:51:00,0.094
2026-08-27 01:52:00,0.043
2026-08-27 01:53:00,0.099
2026-08-27 01:54:00,0.105
2026-08-27 01:55:00,0.104
2026-08-27 01:56:00,0.045
2026-08-27 01:57:00,0.109
2026-08-27 01:58:00,0.099
2026-08-27 01:59:00,0.086
2026-08-27 02:00:00,0.052
2026-08-27 02:01:00,0.081
2026-08-27 02:02:00,0.063
2026-08-27 02:03:00,0.094
2026-08-27 02:04:00,0.097
2026-08-27 02:05:00,0.097
2026-08-27 02:06:00,0.04
2026-08-27 02:07:00,0.115
2026-08-27 02:08:00,0.114
2026-08-27 02:09:00,0.115
2026-08-27 02:10:00,0.081
2026-08-27 02:11:00,0.065
2026-08-27 02:12:00,0.106
2026-08-27 02:13:00,0.062
2026-08-27 02:14:00,0.045
2026-08-27 02:15:00,0.118
2026-08-27 02:16:00,0.09
2026-08-27 02:17:00,0.083
2026-08-27 02:18:00,0.048
2026-08-27 02:19:00,0.059
2026-08-27 02:20:00,0.109
2026-08-27 02:21:00,0.102
2026-08-27 02:22:00,0.047
2026-08-27 02:23:00,0.08
2026-08-27 02:24:00,0.107
2026-08-27 02:25:00,0.103
2026-08-27 02:26:00,0.106
2026-08-27 02:27:00,0.058
2026-08-27 02:28:00,0.094
2026-08-27 02:29:00,0.079
2026-08-27 02:30:00,0.106
2026-08-27 02:31:00,0.093
2026-08-27 02:32:00,0.094
2026-08-27 02:33:00,0.068
2026-08-27 02:34:00,0.093
2026-08-27 02:35:00,0.043
2026-08-27 02:36:00,0.046
2026-08-27 02:37:00,0.059
2026-08-27 02:38:00,0.063
2026-08-27 02:39:00,0.054
2026-08-27 02:40:00,0.058
2026-08-27 02:41:00,0.064
2026-08-27 02:42:00,0.094
2026-08-27 02:43:00,0.104
2026-08-27 02:44:00,0.099
2026-08-27 02:45:00,0.108
2026-08-27 02:46:00,0.069
2026-08-27 02:47:00,0.056
2026-08-27 02:48:00,0.069
2026-08-27 02:49:00,0.066
2026-08-27 02:50:00,0.097
2026-08-27 02:51:00,0.101
2026-08-27 02:52:00,0.071
2026-08-27 02:53:00,0.098
2026-08-27 02:54:00,0.044
2026-08-27 02:55:00,0.094
2026-08-27 02:56:00,0.11
2026-08-27 02:57:00,0.054
2026-08-27 02:58:00,0.108
2026-08-27 02:59:00,0.103
2026-08-27 03:00:00,0.062
2026-08-27 03:01:00,0.079
2026-08-27 03:02:00,0.095
2026-08-27 03:03:00,0.068
2026-08-27 03:04:00,0.107
2026-08-27 03:05:00,0.118
2026-08-27 03:06:00,0.1
2026-08-27 03:07:00,0.065
2026-08-27 03:08:00,0.047
2026-08-27 03:09:00,0.093
2026-08-27 03:10:00,0.111
2026-08-27 03:11:00,0.057
2026-08-27 03:12:00,0.068
2026-08-27 03:13:00,0.103
2026-08-27 03:14:00,0.101
2026-08-27 03:15:00,0.111
2026-08-27 03:16:00,0.117
2026-08-27 03:17:00,0.072
2026-08-27 03:18:00,0.065
2026-08-27 03:19:00,0.091
2026-08-27 03:20:00,0.088
2026-08-27 03:21:00,0.045
2026-08-27 03:22:00,0.107
2026-08-27 03:23:00,0.068
2026-08-27 03:24:00,0.043
2026-08-27 03:25:00,0.067
2026-08-27 03:26:00,0.06
2026-08-27 03:27:00,0.04
2026-08-27 03:28:00,0.055
2026-08-27 03:29:00,0.064
2026-08-27 03:30:00,0.064
2026-08-27 03:31:00,0.071
2026-08-27 03:32:00,0.053
2026-08-27 03:33:00,0.076
2026-08-27 03:34:00,0.042
2026-08-27 03:35:00,0.112
2026-08-27 03:36:00,0.106
2026-08-27 03:37:00,0.092
2026-08-27 03:38:00,0.072
2026-08-27 03:39:00,0.112
2026-08-27 03:40:00,0.118
2026-08-27 03:41:00,0.119
2026-08-27 03:42:00,0.058
2026-08-27 03:43:00,0.112
2026-08-27 03:44:00,0.062
2026-08-27 03:45:00,0.096
2026-08-27 03:46:00,0.092
2026-08-27 03:47:00,0.094
2026-08-27 03:48:00,0.065
2026-08-27 03:49:00,0.08
2026-08-27 03:50:00,0.097
2026-08-27 03:51:00,0.11
2026-08-27 03:52:00,0.094
2026-08-27 03:53:00,0.053
2026-08-27 03:54:00,0.044
2026-08-27 03:55:00,0.109
2026-08-27 03:56:00,0.108
2026-08-27 03:57:00,0.109
2026-08-27 03:58:00,0.077
2026-08-27 03:59:00,0.112
2026-08-27 04:00:00,0.051
2026-08-27 04:01:00,0.107
2026-08-27 04:02:00,0.045
2026-08-27 04:03:00,0.105
2026-08-27 04:04:00,0.054
2026-08-27 04:05:00,0.075
2026-08-27 04:06:00,0.057
2026-08-27 04:07:00,0.098
2026-08-27 04:08:00,0.091
2026-08-27 04:09:00,0.075
2026-08-27 04:10:00,0.072
2026-08-27 04:11:00,0.09
2026-08-27 04:12:00,0.047
2026-08-27 04:13:00,0.061
2026-08-27 04:14:00,0.113
2026-08-27 04:15:00,0.1
2026-08-27 04:16:00,0.061
2026-08-27 04:17:00,0.086
2026-08-27 04:18:00,0.096
2026-08-27 04:19:00,0.051
2026-08-27 04:20:00,0.055
2026-08-27 04:21:00,0.06
2026-08-27 04:22:00,0.044
2026-08-27 04:23:00,0.092
2026-08-27 04:24:00,0.102
2026-08-27 04:25:00,0.104
2026-08-27 04:26:00,0.11
2026-08-27 04:27:00,0.086
2026-08-27 04:28:00,0.114
2026-08-27 04:29:00,0.088
2026-08-27 04:30:00,0.094
2026-08-27 04:31:00,0.078
2026-08-27 04:32:00,0.073
2026-08-27 04:33:00,0.098
2026-08-27 04:34:00,0.076
2026-08-27 04:35:00,0.099
2026-08-27 04:36:00,0.101
2026-08-27 04:37:00,0.047
2026-08-27 04:38:00,0.066
2026-08-27 04:39:00,0.071
2026-08-27 04:40:00,0.049
2026-08-27 04:41:00,0.051
2026-08-27 04:42:00,0.082
2026-08-27 04:43:00,0.096
2026-08-27 04:44:00,0.102
2026-08-27 04:45:00,0.081
2026-08-27 04:46:00,0.102
2026-08-27 04:47:00,0.114
2026-08-27 04:48:00,0.114
2026-08-27 04:49:00,0.059
2026-08-27 04:50:00,0.097
2026-08-27 04:51:00,0.05
2026-08-27 04:52:00,0.086
2026-08-27 04:53:00,0.063
2026-08-27 04:54:00,0.08
2026-08-27 04:55:00,0.106
2026-08-27 04:56:00,0.111
2026-08-27 04:57:00,0.114
2026-08-27 04:58:00,0.104
2026-08-27 04:59:00,0.051
2026-08-27 05:00:00,0.077
2026-08-27 05:01:00,0.109
2026-08-27 05:02:00,0.043
2026-08-27 05:03:00,0.073
2026-08-27 05:04:00,0.043
2026-08-27 05:05:00,0.052
2026-08-27 05:06:00,0.059
2026-08-27 05:07:00,0.097
2026-08-27 05:08:00,0.114
2026-08-27 05:09:00,0.08
2026-08-27 05:10:00,0.054
2026-08-27 05:11:00,0.084
2026-08-27 05:12:00,0.113
2026-08-27 05:13:00,0.066
2026-08-27 05:14:00,0.076
2026-08-27 05:15:00,0.098
2026-08-27 05:16:00,0.084
2026-08-27 05:17:00,0.107
2026-08-27 05:18:00,0.107
2026-08-27 05:19:00,0.056
2026-08-27 05:20:00,0.056
2026-08-27 05:21:00,0.101
2026-08-27 05:22:00,0.116
2026-08-27 05:23:00,0.073
2026-08-27 05:24:00,0.042
2026-08-27 05:25:00,0.097
2026-08-27 05:26:00,0.116
2026-08-27 05:27:00,0.073
2026-08-27 05:28:00,0.107
2026-08-27 05:29:00,0.059
2026-08-27 05:30:00,0.06
2026-08-27 05:31:00,0.087
2026-08-27 05:32:00,0.095
2026-08-27 05:33:00,0.118
2026-08-27 05:34:00,0.116
2026-08-27 05:35:00,0.047
2026-08-27 05:36:00,0.069
2026-08-27 05:37:00,0.087
2026-08-27 05:38:00,0.095
2026-08-27 05:39:00,0.056
2026-08-27 05:40:00,0.062
2026-08-27 05:41:00,0.066
2026-08-27 05:42:00,0.059
2026-08-27 05:43:00,0.046
2026-08-27 05:44:00,0.082
2026-08-27 05:45:00,0.068
2026-08-27 05:46:00,0.109
2026-08-27 05:47:00,0.094
2026-08-27 05:48:00,0.114
2026-08-27 05:49:00,0.063
2026-08-27 05:50:00,0.067
2026-08-27 05:51:00,0.12
2026-08-27 05:52:00,0.067
2026-08-27 05:53:00,0.081
2026-08-27 05:54:00,0.048
2026-08-27 05:55:00,0.092
2026-08-27 05:56:00,0.092
2026-08-27 05:57:00,0.056
2026-08-27 05:58:00,0.041
2026-08-27 05:59:00,0.086
2026-08-27 06:00:00,0.064
2026-08-27 06:01:00,0.058
2026-08-27 06:02:00,0.089
2026-08-27 06:03:00,0.069
2026-08-27 06:04:00,0.118
2026-08-27 06:05:00,0.061
2026-08-27 06:06:00,0.119
2026-08-27 06:07:00,0.08
2026-08-27 06:08:00,0.044
2026-08-27 06:09:00,0.101
2026-08-27 06:10:00,0.076
2026-08-27 06:11:00,0.084
2026-08-27 06:12:00,0.117
2026-08-27 06:13:00,0.098
2026-08-27 06:14:00,0.096
2026-08-27 06:15:00,0.113
2026-08-27 06:16:00,0.063
2026-08-27 06:17:00,0.067
2026-08-27 06:18:00,0.068
2026-08-27 06:19:00,0.116
2026-08-27 06:20:00,0.085
2026-08-27 06:21:00,0.118
2026-08-27 06:22:00,0.096
2026-08-27 06:23:00,0.072
2026-08-27 06:24:00,0.114
2026-08-27 06:25:00,0.046
2026-08-27 06:26:00,0.068
2026-08-27 06:27:00,0.071
2026-08-27 06:28:00,0.055
2026-08-27 06:29:00,0.111
2026-08-27 06:30:00,0.117
2026-08-27 06:31:00,0.087
2026-08-27 06:32:00,0.099
2026-08-27 06:33:00,0.05
2026-08-27 06:34:00,0.057
2026-08-27 06:35:00,0.063
2026-08-27 06:36:00,0.098
2026-08-27 06:37:00,0.047
2026-08-27 06:38:00,0.115
2026-08-27 06:39:00,0.063
2026-08-27 06:40:00,0.05
2026-08-27 06:41:00,0.094
2026-08-27 06:42:00,0.094
2026-08-27 06:43:00,0.118
2026-08-27 06:44:00,0.1
2026-08-27 06:45:00,0.068
2026-08-27 06:46:00,0.079
2026-08-27 06:47:00,0.054
2026-08-27 06:48:00,0.067
2026-08-27 06:49:00,0.051
2026-08-27 06:50:00,0.079
2026-08-27 06:51:00,0.065
2026-08-27 06:52:00,0.051
2026-08-27 06:53:00,0.04
2026-08-27 06:54:00,0.086
2026-08-27 06:55:00,0.049
2026-08-27 06:56:00,0.113
2026-08-27 06:57:00,0.069
2026-08-27 06:58:00,0.064
2026-08-27 06:59:00,0.042
2026-08-27 07:00:00,0.112
2026-08-27 07:01:00,0.078
2026-08-27 07:02:00,0.105
2026-08-27 07:03:00,0.112
2026-08-27 07:04:00,0.079
2026-08-27 07:05:00,0.117
2026-08-27 07:06:00,0.069
2026-08-27 07:07:00,0.087
2026-08-27 07:08:00,0.074
2026-08-27 07:09:00,0.106
2026-08-27 07:10:00,0.102
2026-08-27 07:11:00,0.098
2026-08-27 07:12:00,0.113
2026-08-27 07:13:00,0.087
2026-08-27 07:14:00,0.117
2026-08-27 07:15:00,0.091
2026-08-27 07:16:00,0.117
2026-08-27 07:17:00,0.072
2026-08-27 07:18:00,0.054
2026-08-27 07:19:00,0.051
2026-08-27 07:20:00,0.092
2026-08-27 07:21:00,0.072
2026-08-27 07:22:00,0.103
2026-08-27 07:23:00,0.114
2026-08-27 07:24:00,0.076
2026-08-27 07:25:00,0.08
2026-08-27 07:26:00,0.102
2026-08-27 07:27:00,0.079
2026-08-27 07:28:00,0.081
2026-08-27 07:29:00,0.08
2026-08-27 07:30:00,0.042
2026-08-27 07:31:00,0.113
2026-08-27 07:32:00,0.093
2026-08-27 07:33:00,0.051
2026-08-27 07:34:00,0.061
2026-08-27 07:35:00,0.045
2026-08-27 07:36:00,0.094
2026-08-27 07:37:00,0.078
2026-08-27 07:38:00,0.063
2026-08-27 07:39:00,0.109
2026-08-27 07:40:00,0.092
2026-08-27 07:41:00,0.108
2026-08-27 07:42:00,0.097
2026-08-27 07:43:00,0.1
2026-08-27 07:44:00,0.046
2026-08-27 07:45:00,0.041
2026-08-27 07:46:00,0.068
2026-08-27 07:47:00,0.082
2026-08-27 07:48:00,0.079
2026-08-27 07:49:00,0.086
2026-08-27 07:50:00,0.046
2026-08-27 07:51:00,0.053
2026-08-27 07:52:00,0.043
2026-08-27 07:53:00,0.082
2026-08-27 07:54:00,0.098
2026-08-27 07:55:00,0.066
2026-08-27 07:56:00,0.069
2026-08-27 07:57:00,0.089
2026-08-27 07:58:00,0.07
2026-08-27 07:59:00,0.08
2026-08-27 08:00:00,0.065
2026-08-27 08:01:00,0.111
2026-08-27 08:02:00,0.044
2026-08-27 08:03:00,0.06
2026-08-27 08:04:00,0.115
2026-08-27 08:05:00,0.087
2026-08-27 08:06:00,0.097
2026-08-27 08:07:00,0.105
2026-08-27 08:08:00,0.061
2026-08-27 08:09:00,0.059
2026-08-27 08:10:00,0.055
2026-08-27 08:11:00,0.049
2026-08-27 08:12:00,0.046
2026-08-27 08:13:00,0.084
2026-08-27 08:14:00,0.05
2026-08-27 08:15:00,0.112
2026-08-27 08:16:00,0.087
2026-08-27 08:17:00,0.101
2026-08-27 08:18:00,0.067
2026-08-27 08:19:00,0.084
2026-08-27 08:20:00,0.107
2026-08-27 08:21:00,0.047
2026-08-27 08:22:00,0.056
2026-08-27 08:23:00,0.105
2026-08-27 08:24:00,0.051
2026-08-27 08:25:00,0.096
2026-08-27 08:26:00,0.098
2026-08-27 08:27:00,0.078
2026-08-27 08:28:00,0.105
2026-08-27 08:29:00,0.08
2026-08-27 08:30:00,0.088
2026-08-27 08:31:00,0.105
2026-08-27 08:32:00,0.057
2026-08-27 08:33:00,0.058
2026-08-27 08:34:00,0.066
2026-08-27 08:35:00,0.051
2026-08-27 08:36:00,0.097
2026-08-27 08:37:00,0.045
2026-08-27 08:38:00,0.063
2026-08-27 08:39:00,0.119
2026-08-27 08:40:00,0.046
2026-08-27 08:41:00,0.082
2026-08-27 08:42:00,0.058
2026-08-27 08:43:00,0.097
2026-08-27 08:44:00,0.072
2026-08-27 08:45:00,0.07
2026-08-27 08:46:00,0.089
2026-08-27 08:47:00,0.072
2026-08-27 08:48:00,0.102
2026-08-27 08:49:00,0.111
2026-08-27 08:50:00,0.109
2026-08-27 08:51:00,0.082
2026-08-27 08:52:00,0.044
2026-08-27 08:53:00,0.094
2026-08-27 08:54:00,0.06
2026-08-27 08:55:00,0.1
2026-08-27 08:56:00,0.072
2026-08-27 08:57:00,0.108
2026-08-27 08:58:00,0.053
2026-08-27 08:59:00,0.096
2026-08-27 09:00:00,0.105
2026-08-27 09:01:00,0.066
2026-08-27 09:02:00,0.112
2026-08-27 09:03:00,0.094
2026-08-27 09:04:00,0.076
2026-08-27 09:05:00,0.076
2026-08-27 09:06:00,0.065
2026-08-27 09:07:00,0.086
2026-08-27 09:08:00,0.089
2026-08-27 09:09:00,0.063
2026-08-27 09:10:00,0.102
2026-08-27 09:11:00,0.088
2026-08-27 09:12:00,0.097
2026-08-27 09:13:00,0.075
2026-08-27 09:14:00,0.079
2026-08-27 09:15:00,0.077
2026-08-27 09:16:00,0.075
2026-08-27 09:17:00,0.098
2026-08-27 09:18:00,0.119
2026-08-27 09:19:00,0.046
2026-08-27 09:20:00,0.064
2026-08-27 09:21:00,0.097
2026-08-27 09:22:00,0.068
2026-08-27 09:23:00,0.049
2026-08-27 09:24:00,0.102
2026-08-27 09:25:00,0.086
2026-08-27 09:26:00,0.093
2026-08-27 09:27:00,0.103
2026-08-27 09:28:00,0.05
2026-08-27 09:29:00,0.095
2026-08-27 09:30:00,0.069
2026-08-27 09:31:00,0.098
2026-08-27 09:32:00,0.077
2026-08-27 09:33:00,0.063
2026-08-27 09:34:00,0.115
2026-08-27 09:35:00,0.041
2026-08-27 09:36:00,0.087
2026-08-27 09:37:00,0.1
2026-08-27 09:38:00,0.109
2026-08-27 09:39:00,0.076
2026-08-27 09:40:00,0.105
2026-08-27 09:41:00,0.083
2026-08-27 09:42:00,0.097
2026-08-27 09:43:00,0.102
2026-08-27 09:44:00,0.091
2026-08-27 09:45:00,0.103
2026-08-27 09:46:00,0.043
2026-08-27 09:47:00,0.081
2026-08-27 09:48:00,0.047
2026-08-27 09:49:00,0.045
2026-08-27 09:50:00,0.059
2026-08-27 09:51:00,0.074
2026-08-27 09:52:00,0.049
2026-08-27 09:53:00,0.107
2026-08-27 09:54:00,0.092
2026-08-27 09:55:00,0.114
2026-08-27 09:56:00,0.058
2026-08-27 09:57:00,0.085
2026-08-27 09:58:00,0.082
2026-08-27 09:59:00,0.11
2026-08-27 10:00:00,0.073
2026-08-27 10:01:00,0.094
2026-08-27 10:02:00,0.089
2026-08-27 10:03:00,0.093
2026-08-27 10:04:00,0.115
2026-08-27 10:05:00,0.087
2026-08-27 10:06:00,0.085
2026-08-27 10:07:00,0.07
2026-08-27 10:08:00,0.08
2026-08-27 10:09:00,0.089
2026-08-27 10:10:00,0.066
2026-08-27 10:11:00,0.082
2026-08-27 10:12:00,0.045
2026-08-27 10:13:00,0.085
2026-08-27 10:14:00,0.065
2026-08-27 10:15:00,0.103
2026-08-27 10:16:00,0.05
2026-08-27 10:17:00,0.055
2026-08-27 10:18:00,0.111
2026-08-27 10:19:00,0.075
2026-08-27 10:20:00,0.064
2026-08-27 10:21:00,0.109
2026-08-27 10:22:00,0.087
2026-08-27 10:23:00,0.085
2026-08-27 10:24:00,0.082
2026-08-27 10:25:00,0.048
2026-08-27 10:26:00,0.046
2026-08-27 10:27:00,0.072
2026-08-27 10:28:00,0.056
2026-08-27 10:29:00,0.114
2026-08-27 10:30:00,0.094
2026-08-27 10:31:00,0.051
2026-08-27 10:32:00,0.058
2026-08-27 10:33:00,0.044
2026-08-27 10:34:00,0.052
2026-08-27 10:35:00,0.042
2026-08-27 10:36:00,0.079
2026-08-27 10:37:00,0.076
2026-08-27 10:38:00,0.106
2026-08-27 10:39:00,0.116
2026-08-27 10:40:00,0.072
2026-08-27 10:41:00,0.102
2026-08-27 10:42:00,0.079
2026-08-27 10:43:00,0.078
2026-08-27 10:44:00,0.096
2026-08-27 10:45:00,0.093
2026-08-27 10:46:00,0.079
2026-08-27 10:47:00,0.045
2026-08-27 10:48:00,0.064
2026-08-27 10:49:00,0.04
2026-08-27 10:50:00,0.12
2026-08-27 10:51:00,0.053
2026-08-27 10:52:00,0.05
2026-08-27 10:53:00,0.086
2026-08-27 10:54:00,0.074
2026-08-27 10:55:00,0.06
2026-08-27 10:56:00,0.052
2026-08-27 10:57:00,0.09
2026-08-27 10:58:00,0.07
2026-08-27 10:59:00,0.114
2026-08-27 11:00:00,0.046
2026-08-27 11:01:00,0.075
2026-08-27 11:02:00,0.09
2026-08-27 11:03:00,0.102
2026-08-27 11:04:00,0.067
2026-08-27 11:05:00,0.105
2026-08-27 11:06:00,0.052
2026-08-27 11:07:00,0.095
2026-08-27 11:08:00,0.077
2026-08-27 11:09:00,0.049
2026-08-27 11:10:00,0.119
2026-08-27 11:11:00,0.086
2026-08-27 11:12:00,0.108
2026-08-27 11:13:00,0.059
2026-08-27 11:14:00,0.086
2026-08-27 11:15:00,0.108
2026-08-27 11:16:00,0.091
2026-08-27 11:17:00,0.09
2026-08-27 11:18:00,0.109
2026-08-27 11:19:00,0.051
2026-08-27 11:20:00,0.047
2026-08-27 11:21:00,0.069
2026-08-27 11:22:00,0.062
2026-08-27 11:23:00,0.045
2026-08-27 11:24:00,0.094
2026-08-27 11:25:00,0.097
2026-08-27 11:26:00,0.071
2026-08-27 11:27:00,0.113
2026-08-27 11:28:00,0.118
2026-08-27 11:29:00,0.105
2026-08-27 11:30:00,0.102
2026-08-27 11:31:00,0.099
2026-08-27 11:32:00,0.104
2026-08-27 11:33:00,0.073
2026-08-27 11:34:00,0.089
2026-08-27 11:35:00,0.056
2026-08-27 11:36:00,0.068
2026-08-27 11:37:00,0.098
2026-08-27 11:38:00,0.102
2026-08-27 11:39:00,0.117
2026-08-27 11:40:00,0.059
2026-08-27 11:41:00,0.106
2026-08-27 11:42:00,0.083
2026-08-27 11:43:00,0.099
2026-08-27 11:44:00,0.097
2026-08-27 11:45:00,0.062
2026-08-27 11:46:00,0.064
2026-08-27 11:47:00,0.048
2026-08-27 11:48:00,0.07
2026-08-27 11:49:00,0.104
2026-08-27 11:50:00,0.103
2026-08-27 11:51:00,0.099
2026-08-27 11:52:00,0.061
2026-08-27 11:53:00,0.054
2026-08-27 11:54:00,0.088
2026-08-27 11:55:00,0.108
2026-08-27 11:56:00,0.053
2026-08-27 11:57:00,0.102
2026-08-27 11:58:00,0.062
2026-08-27 11:59:00,0.086
2026-08-27 12:00:00,0.061
2026-08-27 12:01:00,0.064
2026-08-27 12:02:00,0.116
2026-08-27 12:03:00,0.118
2026-08-27 12:04:00,0.112
2026-08-27 12:05:00,0.095
2026-08-27 12:06:00,0.085
2026-08-27 12:07:00,0.112
2026-08-27 12:08:00,0.095
2026-08-27 12:09:00,0.066
2026-08-27 12:10:00,0.049
2026-08-27 12:11:00,0.081
2026-08-27 12:12:00,0.066
2026-08-27 12:13:00,0.108
2026-08-27 12:14:00,0.049
2026-08-27 12:15:00,0.083
2026-08-27 12:16:00,0.054
2026-08-27 12:17:00,0.073
2026-08-27 12:18:00,0.103
2026-08-27 12:19:00,0.084
2026-08-27 12:20:00,0.117
2026-08-27 12:21:00,0.119
2026-08-27 12:22:00,0.061
2026-08-27 12:23:00,0.095
2026-08-27 12:24:00,0.073
2026-08-27 12:25:00,0.048
2026-08-27 12:26:00,0.104
2026-08-27 12:27:00,0.091
2026-08-27 12:28:00,0.107
2026-08-27 12:29:00,0.065
2026-08-27 12:30:00,0.048
2026-08-27 12:31:00,0.114
2026-08-27 12:32:00,0.091
2026-08-27 12:33:00,0.042
2026-08-27 12:34:00,0.041
2026-08-27 12:35:00,0.094
2026-08-27 12:36:00,0.079
2026-08-27 12:37:00,0.089
2026-08-27 12:38:00,0.049
2026-08-27 12:39:00,0.085
2026-08-27 12:40:00,0.088
2026-08-27 12:41:00,0.112
2026-08-27 12:42:00,0.056
2026-08-27 12:43:00,0.072
2026-08-27 12:44:00,0.063
2026-08-27 12:45:00,0.078
2026-08-27 12:46:00,0.088
2026-08-27 12:47:00,0.099
2026-08-27 12:48:00,0.103
2026-08-27 12:49:00,0.078
2026-08-27 12:50:00,0.093
2026-08-27 12:51:00,0.076
2026-08-27 12:52:00,0.045
2026-08-27 12:53:00,0.085
2026-08-27 12:54:00,0.044
2026-08-27 12:55:00,0.118
2026-08-27 12:56:00,0.118
2026-08-27 12:57:00,0.085
2026-08-27 12:58:00,0.091
2026-08-27 12:59:00,0.117
2026-08-27 13:00:00,0.046
2026-08-27 13:01:00,0.106
2026-08-27 13:02:00,0.049
2026-08-27 13:03:00,0.064
2026-08-27 13:04:00,0.043
2026-08-27 13:05:00,0.052
2026-08-27 13:06:00,0.083
2026-08-27 13:07:00,0.101
2026-08-27 13:08:00,0.06
2026-08-27 13:09:00,0.041
2026-08-27 13:10:00,0.086
2026-08-27 13:11:00,0.117
2026-08-27 13:12:00,0.056
2026-08-27 13:13:00,0.081
2026-08-27 13:14:00,0.044
2026-08-27 13:15:00,0.048
2026-08-27 13:16:00,0.1
2026-08-27 13:17:00,0.041
2026-08-27 13:18:00,0.046
2026-08-27 13:19:00,0.1
2026-08-27 13:20:00,0.072
2026-08-27 13:21:00,0.08
2026-08-27 13:22:00,0.117
2026-08-27 13:23:00,0.112
2026-08-27 13:24:00,0.111
2026-08-27 13:25:00,0.07
2026-08-27 13:26:00,0.085
2026-08-27 13:27:00,0.097
2026-08-27 13:28:00,0.054
2026-08-27 13:29:00,0.101
2026-08-27 13:30:00,0.107
2026-08-27 13:31:00,0.097
2026-08-27 13:32:00,0.064
2026-08-27 13:33:00,0.113
2026-08-27 13:34:00,0.097
2026-08-27 13:35:00,0.093
2026-08-27 13:36:00,0.099
2026-08-27 13:37:00,0.05
2026-08-27 13:38:00,0.086
2026-08-27 13:39:00,0.045
2026-08-27 13:40:00,0.075
2026-08-27 13:41:00,0.063
2026-08-27 13:42:00,0.041
2026-08-27 13:43:00,0.045
2026-08-27 13:44:00,0.07
2026-08-27 13:45:00,0.04
2026-08-27 13:46:00,0.09
2026-08-27 13:47:00,0.076
2026-08-27 13:48:00,0.076
2026-08-27 13:49:00,0.1
2026-08-27 13:50:00,0.104
2026-08-27 13:51:00,0.087
2026-08-27 13:52:00,0.054
2026-08-27 13:53:00,0.107
2026-08-27 13:54:00,0.055
2026-08-27 13:55:00,0.114
2026-08-27 13:56:00,0.061
2026-08-27 13:57:00,0.104
2026-08-27 13:58:00,0.116
2026-08-27 13:59:00,0.053
2026-08-27 14:00:00,0.049
2026-08-27 14:01:00,0.093
2026-08-27 14:02:00,0.047
2026-08-27 14:03:00,0.055
2026-08-27 14:04:00,0.042
2026-08-27 14:05:00,0.049
2026-08-27 14:06:00,0.083
2026-08-27 14:07:00,0.09
2026-08-27 14:08:00,0.066
2026-08-27 14:09:00,0.095
2026-08-27 14:10:00,0.086
2026-08-27 14:11:00,0.06
2026-08-27 14:12:00,0.114
2026-08-27 14:13:00,0.066
2026-08-27 14:14:00,0.053
2026-08-27 14:15:00,0.115
2026-08-27 14:16:00,0.11
2026-08-27 14:17:00,0.116
2026-08-27 14:18:00,0.105
2026-08-27 14:19:00,0.095
2026-08-27 14:20:00,0.055
2026-08-27 14:21:00,0.043
2026-08-27 14:22:00,0.062
2026-08-27 14:23:00,0.116
2026-08-27 14:24:00,0.092
2026-08-27 14:25:00,0.046
2026-08-27 14:26:00,0.064
2026-08-27 14:27:00,0.073
2026-08-27 14:28:00,0.083
2026-08-27 14:29:00,0.101
2026-08-27 14:30:00,0.045
2026-08-27 14:31:00,0.098
2026-08-27 14:32:00,0.094
2026-08-27 14:33:00,0.118
2026-08-27 14:34:00,0.043
2026-08-27 14:35:00,0.045
2026-08-27 14:36:00,0.107
2026-08-27 14:37:00,0.043
2026-08-27 14:38:00,0.073
2026-08-27 14:39:00,0.074
2026-08-27 14:40:00,0.099
2026-08-27 14:41:00,0.103
2026-08-27 14:42:00,0.08
2026-08-27 14:43:00,0.115
2026-08-27 14:44:00,0.048
2026-08-27 14:45:00,0.082
2026-08-27 14:46:00,0.078
2026-08-27 14:47:00,0.104
2026-08-27 14:48:00,0.063
2026-08-27 14:49:00,0.099
2026-08-27 14:50:00,0.079
2026-08-27 14:51:00,0.075
2026-08-27 14:52:00,0.107
2026-08-27 14:53:00,0.057
2026-08-27 14:54:00,0.053
2026-08-27 14:55:00,0.051
2026-08-27 14:56:00,0.093
2026-08-27 14:57:00,0.046
2026-08-27 14:58:00,0.098
2026-08-27 14:59:00,0.052
2026-08-27 15:00:00,0.096
2026-08-27 15:01:00,0.092
2026-08-27 15:02:00,0.076
2026-08-27 15:03:00,0.115
2026-08-27 15:04:00,0.09
2026-08-27 15:05:00,0.057
2026-08-27 15:06:00,0.06
2026-08-27 15:07:00,0.074
2026-08-27 15:08:00,0.072
2026-08-27 15:09:00,0.062
2026-08-27 15:10:00,0.071
2026-08-27 15:11:00,0.118
2026-08-27 15:12:00,0.058
2026-08-27 15:13:00,0.096
2026-08-27 15:14:00,0.098
2026-08-27 15:15:00,0.089
2026-08-27 15:16:00,0.118
2026-08-27 15:17:00,0.104
2026-08-27 15:18:00,0.046
2026-08-27 15:19:00,0.041
2026-08-27 15:20:00,0.12
2026-08-27 15:21:00,0.077
2026-08-27 15:22:00,0.077
2026-08-27 15:23:00,0.099
2026-08-27 15:24:00,0.068
2026-08-27 15:25:00,0.091
2026-08-27 15:26:00,0.069
2026-08-27 15:27:00,0.051
2026-08-27 15:28:00,0.069
2026-08-27 15:29:00,0.119
2026-08-27 15:30:00,0.064
2026-08-27 15:31:00,0.106
2026-08-27 15:32:00,0.062
2026-08-27 15:33:00,0.071
2026-08-27 15:34:00,0.067
2026-08-27 15:35:00,0.08
2026-08-27 15:36:00,0.08
2026-08-27 15:37:00,0.09
2026-08-27 15:38:00,0.062
2026-08-27 15:39:00,0.099
2026-08-27 15:40:00,0.077
2026-08-27 15:41:00,0.076
2026-08-27 15:42:00,0.095
2026-08-27 15:43:00,0.102
2026-08-27 15:44:00,0.07
2026-08-27 15:45:00,0.114
2026-08-27 15:46:00,0.047
2026-08-27 15:47:00,0.092
2026-08-27 15:48:00,0.05
2026-08-27 15:49:00,0.088
2026-08-27 15:50:00,0.107
2026-08-27 15:51:00,0.047
2026-08-27 15:52:00,0.059
2026-08-27 15:53:00,0.042
2026-08-27 15:54:00,0.081
2026-08-27 15:55:00,0.12
2026-08-27 15:56:00,0.101
2026-08-27 15:57:00,0.095
2026-08-27 15:58:00,0.117
2026-08-27 15:59:00,0.082
2026-08-27 16:00:00,0.062
2026-08-27 16:01:00,0.055
2026-08-27 16:02:00,0.07
2026-08-27 16:03:00,0.04
2026-08-27 16:04:00,0.071
2026-08-27 16:05:00,0.075
2026-08-27 16:06:00,0.096
2026-08-27 16:07:00,0.058
2026-08-27 16:08:00,0.096
2026-08-27 16:09:00,0.059
2026-08-27 16:10:00,0.088
2026-08-27 16:11:00,0.108
2026-08-27 16:12:00,0.108
2026-08-27 16:13:00,0.056
2026-08-27 16:14:00,0.1
2026-08-27 16:15:00,0.042
2026-08-27 16:16:00,0.047
2026-08-27 16:17:00,0.058
2026-08-27 16:18:00,0.112
2026-08-27 16:19:00,0.065
2026-08-27 16:20:00,0.096
2026-08-27 16:21:00,0.109
2026-08-27 16:22:00,0.065
2026-08-27 16:23:00,0.094
2026-08-27 16:24:00,0.044
2026-08-27 16:25:00,0.047
2026-08-27 16:26:00,0.067
2026-08-27 16:27:00,0.04
2026-08-27 16:28:00,0.056
2026-08-27 16:29:00,0.102
2026-08-27 16:30:00,0.061
2026-08-27 16:31:00,0.084
2026-08-27 16:32:00,0.056
2026-08-27 16:33:00,0.067
2026-08-27 16:34:00,0.096
2026-08-27 16:35:00,0.053
2026-08-27 16:36:00,0.097
2026-08-27 16:37:00,0.1
2026-08-27 16:38:00,0.055
2026-08-27 16:39:00,0.046
2026-08-27 16:40:00,0.076
2026-08-27 16:41:00,0.106
2026-08-27 16:42:00,0.095
2026-08-27 16:43:00,0.042
2026-08-27 16:44:00,0.077
2026-08-27 16:45:00,0.054
2026-08-27 16:46:00,0.059
2026-08-27 16:47:00,0.082
2026-08-27 16:48:00,0.089
2026-08-27 16:49:00,0.093
2026-08-27 16:50:00,0.112
2026-08-27 16:51:00,0.101
2026-08-27 16:52:00,0.075
2026-08-27 16:53:00,0.045
2026-08-27 16:54:00,0.1
2026-08-27 16:55:00,0.083
2026-08-27 16:56:00,0.067
2026-08-27 16:57:00,0.046
2026-08-27 16:58:00,0.09
2026-08-27 16:59:00,0.117
2026-08-27 17:00:00,0.106
2026-08-27 17:01:00,0.062
2026-08-27 17:02:00,0.099
2026-08-27 17:03:00,0.048
2026-08-27 17:04:00,0.064
2026-08-27 17:05:00,0.069
2026-08-27 17:06:00,0.08
2026-08-27 17:07:00,0.09
2026-08-27 17:08:00,0.084
2026-08-27 17:09:00,0.104
2026-08-27 17:10:00,0.052
2026-08-27 17:11:00,0.052
2026-08-27 17:12:00,0.103
2026-08-27 17:13:00,0.117
2026-08-27 17:14:00,0.114
2026-08-27 17:15:00,0.11
2026-08-27 17:16:00,0.062
2026-08-27 17:17:00,0.043
2026-08-27 17:18:00,0.118
2026-08-27 17:19:00,0.098
2026-08-27 17:20:00,0.081
2026-08-27 17:21:00,0.084
2026-08-27 17:22:00,0.062
2026-08-27 17:23:00,0.044
2026-08-27 17:24:00,0.093
2026-08-27 17:25:00,0.054
2026-08-27 17:26:00,0.049
2026-08-27 17:27:00,0.089
2026-08-27 17:28:00,0.104
2026-08-27 17:29:00,0.053
2026-08-27 17:30:00,0.12
2026-08-27 17:31:00,0.076
2026-08-27 17:32:00,0.114
2026-08-27 17:33:00,0.091
2026-08-27 17:34:00,0.048
2026-08-27 17:35:00,0.095
2026-08-27 17:36:00,0.045
2026-08-27 17:37:00,0.077
2026-08-27 17:38:00,0.078
2026-08-27 17:39:00,0.094
2026-08-27 17:40:00,0.098
2026-08-27 17:41:00,0.086
2026-08-27 17:42:00,0.094
2026-08-27 17:43:00,0.097
2026-08-27 17:44:00,0.088
2026-08-27 17:45:00,0.117
2026-08-27 17:46:00,0.094
2026-08-27 17:47:00,0.077
2026-08-27 17:48:00,0.067
2026-08-27 17:49:00,0.078
2026-08-27 17:50:00,0.043
2026-08-27 17:51:00,0.097
2026-08-27 17:52:00,0.094
2026-08-27 17:53:00,0.076
2026-08-27 17:54:00,0.096
2026-08-27 17:55:00,0.048
2026-08-27 17:56:00,0.059
2026-08-27 17:57:00,0.097
2026-08-27 17:58:00,0.045
2026-08-27 17:59:00,0.117
2026-08-27 18:00:00,0.118
2026-08-27 18:01:00,0.065
2026-08-27 18:02:00,0.043
2026-08-27 18:03:00,0.075
2026-08-27 18:04:00,0.107
2026-08-27 18:05:00,0.063
2026-08-27 18:06:00,0.06
2026-08-27 18:07:00,0.079
2026-08-27 18:08:00,0.063
2026-08-27 18:09:00,0.047
2026-08-27 18:10:00,0.098
2026-08-27 18:11:00,0.073
2026-08-27 18:12:00,0.094
2026-08-27 18:13:00,0.087
2026-08-27 18:14:00,0.08
2026-08-27 18:15:00,0.051
2026-08-27 18:16:00,0.086
2026-08-27 18:17:00,0.113
2026-08-27 18:18:00,0.059
2026-08-27 18:19:00,0.054
2026-08-27 18:20:00,0.105
2026-08-27 18:21:00,0.054
2026-08-27 18:22:00,0.092
2026-08-27 18:23:00,0.059
2026-08-27 18:24:00,0.067
2026-08-27 18:25:00,0.056
2026-08-27 18:26:00,0.061
2026-08-27 18:27:00,0.1
2026-08-27 18:28:00,0.093
2026-08-27 18:29:00,0.094
2026-08-27 18:30:00,0.118
2026-08-27 18:31:00,0.104
2026-08-27 18:32:00,0.059
2026-08-27 18:33:00,0.059
2026-08-27 18:34:00,0.062
2026-08-27 18:35:00,0.063
2026-08-27 18:36:00,0.04
2026-08-27 18:37:00,0.095
2026-08-27 18:38:00,0.064
2026-08-27 18:39:00,0.063
2026-08-27 18:40:00,0.049
2026-08-27 18:41:00,0.116
2026-08-27 18:42:00,0.107
2026-08-27 18:43:00,0.11
2026-08-27 18:44:00,0.072
2026-08-27 18:45:00,0.109
2026-08-27 18:46:00,0.048
2026-08-27 18:47:00,0.115
2026-08-27 18:48:00,0.061
2026-08-27 18:49:00,0.093
2026-08-27 18:50:00,0.109
2026-08-27 18:51:00,0.106
2026-08-27 18:52:00,0.11
2026-08-27 18:53:00,0.109
2026-08-27 18:54:00,0.063
2026-08-27 18:55:00,0.092
2026-08-27 18:56:00,0.043
2026-08-27 18:57:00,0.113
2026-08-27 18:58:00,0.084
2026-08-27 18:59:00,0.098
2026-08-27 19:00:00,0.116
2026-08-27 19:01:00,0.087
2026-08-27 19:02:00,0.113
2026-08-27 19:03:00,0.077
2026-08-27 19:04:00,0.102
2026-08-27 19:05:00,0.075
2026-08-27 19:06:00,0.056
2026-08-27 19:07:00,0.102
2026-08-27 19:08:00,0.112
2026-08-27 19:09:00,0.065
2026-08-27 19:10:00,0.084
2026-08-27 19:11:00,0.084
2026-08-27 19:12:00,0.041
2026-08-27 19:13:00,0.045
2026-08-27 19:14:00,0.11
2026-08-27 19:15:00,0.118
2026-08-27 19:16:00,0.08
2026-08-27 19:17:00,0.113
2026-08-27 19:18:00,0.092
2026-08-27 19:19:00,0.105
2026-08-27 19:20:00,0.041
2026-08-27 19:21:00,0.106
2026-08-27 19:22:00,0.103
2026-08-27 19:23:00,0.091
2026-08-27 19:24:00,0.108
2026-08-27 19:25:00,0.061
2026-08-27 19:26:00,0.089
2026-08-27 19:27:00,0.12
2026-08-27 19:28:00,0.093
2026-08-27 19:29:00,0.116
2026-08-27 19:30:00,0.084
2026-08-27 19:31:00,0.09
2026-08-27 19:32:00,0.099
2026-08-27 19:33:00,0.082
2026-08-27 19:34:00,0.092
2026-08-27 19:35:00,0.076
2026-08-27 19:36:00,0.09
2026-08-27 19:37:00,0.051
2026-08-27 19:38:00,0.06
2026-08-27 19:39:00,0.042
2026-08-27 19:40:00,0.051
2026-08-27 19:41:00,0.091
2026-08-27 19:42:00,0.08
2026-08-27 19:43:00,0.068
2026-08-27 19:44:00,0.101
2026-08-27 19:45:00,0.094
2026-08-27 19:46:00,0.064
2026-08-27 19:47:00,0.082
2026-08-27 19:48:00,0.05
2026-08-27 19:49:00,0.105
2026-08-27 19:50:00,0.043
2026-08-27 19:51:00,0.083
2026-08-27 19:52:00,0.041
2026-08-27 19:53:00,0.103
2026-08-27 19:54:00,0.052
2026-08-27 19:55:00,0.055
2026-08-27 19:56:00,0.048
2026-08-27 19:57:00,0.049
2026-08-27 19:58:00,0.079
2026-08-27 19:59:00,0.113
2026-08-27 20:00:00,0.074
2026-08-27 20:01:00,0.117
2026-08-27 20:02:00,0.099
2026-08-27 20:03:00,0.116
2026-08-27 20:04:00,0.058
2026-08-27 20:05:00,0.041
2026-08-27 20:06:00,0.093
2026-08-27 20:07:00,0.071
2026-08-27 20:08:00,0.09
2026-08-27 20:09:00,0.069
2026-08-27 20:10:00,0.105
2026-08-27 20:11:00,0.087
2026-08-27 20:12:00,0.068
2026-08-27 20:13:00,0.054
2026-08-27 20:14:00,0.111
2026-08-27 20:15:00,0.073
2026-08-27 20:16:00,0.08
2026-08-27 20:17:00,0.063
2026-08-27 20:18:00,0.046
2026-08-27 20:19:00,0.057
2026-08-27 20:20:00,0.042
2026-08-27 20:21:00,0.051
2026-08-27 20:22:00,0.105
2026-08-27 20:23:00,0.046
2026-08-27 20:24:00,0.062
2026-08-27 20:25:00,0.096
2026-08-27 20:26:00,0.047
2026-08-27 20:27:00,0.076
2026-08-27 20:28:00,0.044
2026-08-27 20:29:00,0.054
2026-08-27 20:30:00,0.117
2026-08-27 20:31:00,0.095
2026-08-27 20:32:00,0.108
2026-08-27 20:33:00,0.108
2026-08-27 20:34:00,0.042
2026-08-27 20:35:00,0.049
2026-08-27 20:36:00,0.056
2026-08-27 20:37:00,0.051
2026-08-27 20:38:00,0.05
2026-08-27 20:39:00,0.042
2026-08-27 20:40:00,0.077
2026-08-27 20:41:00,0.113
2026-08-27 20:42:00,0.059
2026-08-27 20:43:00,0.07
2026-08-27 20:44:00,0.062
2026-08-27 20:45:00,0.074
2026-08-27 20:46:00,0.09
2026-08-27 20:47:00,0.049
2026-08-27 20:48:00,0.094
2026-08-27 20:49:00,0.096
2026-08-27 20:50:00,0.086
2026-08-27 20:51:00,0.09
2026-08-27 20:52:00,0.081
2026-08-27 20:53:00,0.116
2026-08-27 20:54:00,0.063
2026-08-27 20:55:00,0.082
2026-08-27 20:56:00,0.093
2026-08-27 20:57:00,0.078
2026-08-27 20:58:00,0.093
2026-08-27 20:59:00,0.105
2026-08-27 21:00:00,0.06
2026-08-27 21:01:00,0.058
2026-08-27 21:02:00,0.065
2026-08-27 21:03:00,0.062
2026-08-27 21:04:00,0.105
2026-08-27 21:05:00,0.102
2026-08-27 21:06:00,0.104
2026-08-27 21:07:00,0.07
2026-08-27 21:08:00,0.041
2026-08-27 21:09:00,0.081
2026-08-27 21:10:00,0.114
2026-08-27 21:11:00,0.064
2026-08-27 21:12:00,0.092
2026-08-27 21:13:00,0.065
2026-08-27 21:14:00,0.105
2026-08-27 21:15:00,0.097
2026-08-27 21:16:00,0.099
2026-08-27 21:17:00,0.116
2026-08-27 21:18:00,0.105
2026-08-27 21:19:00,0.076
2026-08-27 21:20:00,0.045
2026-08-27 21:21:00,0.117
2026-08-27 21:22:00,0.094
2026-08-27 21:23:00,0.059
2026-08-27 21:24:00,0.078
2026-08-27 21:25:00,0.109
2026-08-27 21:26:00,0.074
2026-08-27 21:27:00,0.048
2026-08-27 21:28:00,0.106
2026-08-27 21:29:00,0.104
2026-08-27 21:30:00,0.113
2026-08-27 21:31:00,0.042
2026-08-27 21:32:00,0.064
2026-08-27 21:33:00,0.045
2026-08-27 21:34:00,0.042
2026-08-27 21:35:00,0.059
2026-08-27 21:36:00,0.08
2026-08-27 21:37:00,0.054
2026-08-27 21:38:00,0.111
2026-08-27 21:39:00,0.113
2026-08-27 21:40:00,0.089
2026-08-27 21:41:00,0.057
2026-08-27 21:42:00,0.093
2026-08-27 21:43:00,0.059
2026-08-27 21:44:00,0.082
2026-08-27 21:45:00,0.11
2026-08-27 21:46:00,0.105
2026-08-27 21:47:00,0.065
2026-08-27 21:48:00,0.091
2026-08-27 21:49:00,0.062
2026-08-27 21:50:00,0.104
2026-08-27 21:51:00,0.046
2026-08-27 21:52:00,0.101
2026-08-27 21:53:00,0.071
2026-08-27 21:54:00,0.093
2026-08-27 21:55:00,0.075
2026-08-27 21:56:00,0.073
2026-08-27 21:57:00,0.119
2026-08-27 21:58:00,0.113
2026-08-27 21:59:00,0.054
2026-08-27 22:00:00,0.063
2026-08-27 22:01:00,0.048
2026-08-27 22:02:00,0.104
2026-08-27 22:03:00,0.06
2026-08-27 22:04:00,0.111
2026-08-27 22:05:00,0.079
2026-08-27 22:06:00,0.101
2026-08-27 22:07:00,0.104
2026-08-27 22:08:00,0.074
2026-08-27 22:09:00,0.099
2026-08-27 22:10:00,0.084
2026-08-27 22:11:00,0.104
2026-08-27 22:12:00,0.079
2026-08-27 22:13:00,0.111
2026-08-27 22:14:00,0.088
2026-08-27 22:15:00,0.043
2026-08-27 22:16:00,0.059
2026-08-27 22:17:00,0.096
2026-08-27 22:18:00,0.074
2026-08-27 22:19:00,0.061
2026-08-27 22:20:00,0.115
2026-08-27 22:21:00,0.117
2026-08-27 22:22:00,0.048
2026-08-27 22:23:00,0.061
2026-08-27 22:24:00,0.058
2026-08-27 22:25:00,0.085
2026-08-27 22:26:00,0.063
2026-08-27 22:27:00,0.077
2026-08-27 22:28:00,0.069
2026-08-27 22:29:00,0.117
2026-08-27 22:30:00,0.052
2026-08-27 22:31:00,0.06
2026-08-27 22:32:00,0.068
2026-08-27 22:33:00,0.089
2026-08-27 22:34:00,0.062
2026-08-27 22:35:00,0.042
2026-08-27 22:36:00,0.1
2026-08-27 22:37:00,0.066
2026-08-27 22:38:00,0.072
2026-08-27 22:39:00,0.106
2026-08-27 22:40:00,0.075
2026-08-27 22:41:00,0.075
2026-08-27 22:42:00,0.083
2026-08-27 22:43:00,0.118
2026-08-27 22:44:00,0.1
2026-08-27 22:45:00,0.093
2026-08-27 22:46:00,0.1
2026-08-27 22:47:00,0.043
2026-08-27 22:48:00,0.103
2026-08-27 22:49:00,0.088
2026-08-27 22:50:00,0.105
2026-08-27 22:51:00,0.045
2026-08-27 22:52:00,0.095
2026-08-27 22:53:00,0.089
2026-08-27 22:54:00,0.076
2026-08-27 22:55:00,0.117
2026-08-27 22:56:00,0.055
2026-08-27 22:57:00,0.066
2026-08-27 22:58:00,0.101
2026-08-27 22:59:00,0.078
2026-08-27 23:00:00,0.116
2026-08-27 23:01:00,0.113
2026-08-27 23:02:00,0.058
2026-08-27 23:03:00,0.041
2026-08-27 23:04:00,0.055
2026-08-27 23:05:00,0.063
2026-08-27 23:06:00,0.056
2026-08-27 23:07:00,0.063
2026-08-27 23:08:00,0.1
2026-08-27 23:09:00,0.072
2026-08-27 23:10:00,0.043
2026-08-27 23:11:00,0.105
2026-08-27 23:12:00,0.098
2026-08-27 23:13:00,0.081
2026-08-27 23:14:00,0.042
2026-08-27 23:15:00,0.064
2026-08-27 23:16:00,0.046
2026-08-27 23:17:00,0.055
2026-08-27 23:18:00,0.103
2026-08-27 23:19:00,0.097
2026-08-27 23:20:00,0.04
2026-08-27 23:21:00,0.057
2026-08-27 23:22:00,0.046
2026-08-27 23:23:00,0.087
2026-08-27 23:24:00,0.04
2026-08-27 23:25:00,0.105
2026-08-27 23:26:00,0.102
2026-08-27 23:27:00,0.099
2026-08-27 23:28:00,0.101
2026-08-27 23:29:00,0.104
2026-08-27 23:30:00,0.101
2026-08-27 23:31:00,0.081
2026-08-27 23:32:00,0.072
2026-08-27 23:33:00,0.082
2026-08-27 23:34:00,0.114
2026-08-27 23:35:00,0.057
2026-08-27 23:36:00,0.103
2026-08-27 23:37:00,0.111
2026-08-27 23:38:00,0.074
2026-08-27 23:39:00,0.069
2026-08-27 23:40:00,0.104
2026-08-27 23:41:00,0.087
2026-08-27 23:42:00,0.115
2026-08-27 23:43:00,0.111
2026-08-27 23:44:00,0.102
2026-08-27 23:45:00,0.076
2026-08-27 23:46:00,0.092
2026-08-27 23:47:00,0.08
2026-08-27 23:48:00,0.095
2026-08-27 23:49:00,0.092
2026-08-27 23:50:00,0.051
2026-08-27 23:51:00,0.092
2026-08-27 23:52:00,0.082
2026-08-27 23:53:00,0.112
2026-08-27 23:54:00,0.064
2026-08-27 23:55:00,0.049
2026-08-27 23:56:00,0.049
2026-08-27 23:57:00,0.054
2026-08-27 23:58:00,0.058
2026-08-27 23:59:00,0.103
2026-08-28 00:00:00,0.077
2026-08-28 00:01:00,0.049
2026-08-28 00:02:00,0.119
2026-08-28 00:03:00,0.109
2026-08-28 00:04:00,0.077
2026-08-28 00:05:00,0.074
2026-08-28 00:06:00,0.084
2026-08-28 00:07:00,0.12
2026-08-28 00:08:00,0.083
2026-08-28 00:09:00,0.059
2026-08-28 00:10:00,0.119
2026-08-28 00:11:00,0.065
2026-08-28 00:12:00,0.067
2026-08-28 00:13:00,0.052
2026-08-28 00:14:00,0.055
2026-08-28 00:15:00,0.079
2026-08-28 00:16:00,0.116
2026-08-28 00:17:00,0.059
2026-08-28 00:18:00,0.119
2026-08-28 00:19:00,0.059
2026-08-28 00:20:00,0.077
2026-08-28 00:21:00,0.066
2026-08-28 00:22:00,0.066
2026-08-28 00:23:00,0.113
2026-08-28 00:24:00,0.107
2026-08-28 00:25:00,0.076
2026-08-28 00:26:00,0.072
2026-08-28 00:27:00,0.098
2026-08-28 00:28:00,0.05
2026-08-28 00:29:00,0.069
2026-08-28 00:30:00,0.098
2026-08-28 00:31:00,0.1
2026-08-28 00:32:00,0.102
2026-08-28 00:33:00,0.064
2026-08-28 00:34:00,0.061
2026-08-28 00:35:00,0.118
2026-08-28 00:36:00,0.081
2026-08-28 00:37:00,0.075
2026-08-28 00:38:00,0.048
2026-08-28 00:39:00,0.045
2026-08-28 00:40:00,0.05
2026-08-28 00:41:00,0.098
2026-08-28 00:42:00,0.042
2026-08-28 00:43:00,0.081
2026-08-28 00:44:00,0.047
2026-08-28 00:45:00,0.056
2026-08-28 00:46:00,0.064
2026-08-28 00:47:00,0.074
2026-08-28 00:48:00,0.113
2026-08-28 00:49:00,0.097
2026-08-28 00:50:00,0.07
2026-08-28 00:51:00,0.053
2026-08-28 00:52:00,0.084
2026-08-28 00:53:00,0.104
2026-08-28 00:54:00,0.066
2026-08-28 00:55:00,0.078
2026-08-28 00:56:00,0.065
2026-08-28 00:57:00,0.056
2026-08-28 00:58:00,0.053
2026-08-28 00:59:00,0.11
2026-08-28 01:00:00,0.058
2026-08-28 01:01:00,0.051
2026-08-28 01:02:00,0.084
2026-08-28 01:03:00,0.075
2026-08-28 01:04:00,0.088
2026-08-28 01:05:00,0.069
2026-08-28 01:06:00,0.067
2026-08-28 01:07:00,0.064
2026-08-28 01:08:00,0.06
2026-08-28 01:09:00,0.089
2026-08-28 01:10:00,0.041
2026-08-28 01:11:00,0.072
2026-08-28 01:12:00,0.106
2026-08-28 01:13:00,0.048
2026-08-28 01:14:00,0.044
2026-08-28 01:15:00,0.065
2026-08-28 01:16:00,0.044
2026-08-28 01:17:00,0.117
2026-08-28 01:18:00,0.095
2026-08-28 01:19:00,0.068
2026-08-28 01:20:00,0.109
2026-08-28 01:21:00,0.113
2026-08-28 01:22:00,0.094
2026-08-28 01:23:00,0.05
2026-08-28 01:24:00,0.089
2026-08-28 01:25:00,0.086
2026-08-28 01:26:00,0.11
2026-08-28 01:27:00,0.051
2026-08-28 01:28:00,0.053
2026-08-28 01:29:00,0.046
2026-08-28 01:30:00,0.12
2026-08-28 01:31:00,0.076
2026-08-28 01:32:00,0.054
2026-08-28 01:33:00,0.045
2026-08-28 01:34:00,0.091
2026-08-28 01:35:00,0.053
2026-08-28 01:36:00,0.043
2026-08-28 01:37:00,0.048
2026-08-28 01:38:00,0.078
2026-08-28 01:39:00,0.068
2026-08-28 01:40:00,0.08
2026-08-28 01:41:00,0.051
2026-08-28 01:42:00,0.066
2026-08-28 01:43:00,0.109
2026-08-28 01:44:00,0.076
2026-08-28 01:45:00,0.083
2026-08-28 01:46:00,0.075
2026-08-28 01:47:00,0.109
2026-08-28 01:48:00,0.106
2026-08-28 01:49:00,0.104
2026-08-28 01:50:00,0.047
2026-08-28 01:51:00,0.051
2026-08-28 01:52:00,0.075
2026-08-28 01:53:00,0.045
2026-08-28 01:54:00,0.079
2026-08-28 01:55:00,0.086
2026-08-28 01:56:00,0.055
2026-08-28 01:57:00,0.11
2026-08-28 01:58:00,0.085
2026-08-28 01:59:00,0.072
2026-08-28 02:00:00,0.042
2026-08-28 02:01:00,0.114
2026-08-28 02:02:00,0.115
2026-08-28 02:03:00,0.109
2026-08-28 02:04:00,0.078
2026-08-28 02:05:00,0.103
2026-08-28 02:06:00,0.081
2026-08-28 02:07:00,0.089
2026-08-28 02:08:00,0.104
2026-08-28 02:09:00,0.091
2026-08-28 02:10:00,0.054
2026-08-28 02:11:00,0.043
2026-08-28 02:12:00,0.116
2026-08-28 02:13:00,0.1
2026-08-28 02:14:00,0.089
2026-08-28 02:15:00,0.044
2026-08-28 02:16:00,0.117
2026-08-28 02:17:00,0.045
2026-08-28 02:18:00,0.066
2026-08-28 02:19:00,0.064
2026-08-28 02:20:00,0.07
2026-08-28 02:21:00,0.054
2026-08-28 02:22:00,0.061
2026-08-28 02:23:00,0.107
2026-08-28 02:24:00,0.115
2026-08-28 02:25:00,0.096
2026-08-28 02:26:00,0.1
2026-08-28 02:27:00,0.076
2026-08-28 02:28:00,0.091
2026-08-28 02:29:00,0.077
2026-08-28 02:30:00,0.076
2026-08-28 02:31:00,0.074
2026-08-28 02:32:00,0.093
2026-08-28 02:33:00,0.074
2026-08-28 02:34:00,0.099
2026-08-28 02:35:00,0.075
2026-08-28 02:36:00,0.046
2026-08-28 02:37:00,0.043
2026-08-28 02:38:00,0.093
2026-08-28 02:39:00,0.099
2026-08-28 02:40:00,0.06
2026-08-28 02:41:00,0.074
2026-08-28 02:42:00,0.059
2026-08-28 02:43:00,0.103
2026-08-28 02:44:00,0.056
2026-08-28 02:45:00,0.1
2026-08-28 02:46:00,0.117
2026-08-28 02:47:00,0.058
2026-08-28 02:48:00,0.074
2026-08-28 02:49:00,0.08
2026-08-28 02:50:00,0.092
2026-08-28 02:51:00,0.096
2026-08-28 02:52:00,0.046
2026-08-28 02:53:00,0.088
2026-08-28 02:54:00,0.12
2026-08-28 02:55:00,0.099
2026-08-28 02:56:00,0.065
2026-08-28 02:57:00,0.093
2026-08-28 02:58:00,0.088
2026-08-28 02:59:00,0.05
2026-08-28 03:00:00,0.061
2026-08-28 03:01:00,0.096
2026-08-28 03:02:00,0.05
2026-08-28 03:03:00,0.048
2026-08-28 03:04:00,0.119
2026-08-28 03:05:00,0.046
2026-08-28 03:06:00,0.117
2026-08-28 03:07:00,0.08
2026-08-28 03:08:00,0.063
2026-08-28 03:09:00,0.091
2026-08-28 03:10:00,0.091
2026-08-28 03:11:00,0.09
2026-08-28 03:12:00,0.073
2026-08-28 03:13:00,0.058
2026-08-28 03:14:00,0.097
2026-08-28 03:15:00,0.074
2026-08-28 03:16:00,0.097
2026-08-28 03:17:00,0.045
2026-08-28 03:18:00,0.118
2026-08-28 03:19:00,0.071
2026-08-28 03:20:00,0.047
2026-08-28 03:21:00,0.083
2026-08-28 03:22:00,0.046
2026-08-28 03:23:00,0.046
2026-08-28 03:24:00,0.096
2026-08-28 03:25:00,0.095
2026-08-28 03:26:00,0.046
2026-08-28 03:27:00,0.064
2026-08-28 03:28:00,0.051
2026-08-28 03:29:00,0.054
2026-08-28 03:30:00,0.08
2026-08-28 03:31:00,0.072
2026-08-28 03:32:00,0.058
2026-08-28 03:33:00,0.083
2026-08-28 03:34:00,0.097
2026-08-28 03:35:00,0.041
2026-08-28 03:36:00,0.043
2026-08-28 03:37:00,0.058
2026-08-28 03:38:00,0.113
2026-08-28 03:39:00,0.062
2026-08-28 03:40:00,0.106
2026-08-28 03:41:00,0.078
2026-08-28 03:42:00,0.119
2026-08-28 03:43:00,0.09
2026-08-28 03:44:00,0.113
2026-08-28 03:45:00,0.053
2026-08-28 03:46:00,1.799
2026-08-28 03:47:00,1.792
2026-08-28 03:48:00,1.8
2026-08-28 03:49:00,1.819
2026-08-28 03:50:00,1.815
2026-08-28 03:51:00,1.813
2026-08-28 03:52:00,1.823
2026-08-28 03:53:00,1.775
2026-08-28 03:54:00,1.774
2026-08-28 03:55:00,1.781
2026-08-28 03:56:00,5.939
2026-08-28 03:57:00,6.038
2026-08-28 03:58:00,5.961
2026-08-28 03:59:00,5.979
2026-08-28 04:00:00,6.049
2026-08-28 04:01:00,5.978
2026-08-28 04:02:00,6.067
2026-08-28 04:03:00,6.025
2026-08-28 04:04:00,6.062
2026-08-28 04:05:00,6.059
2026-08-28 04:06:00,6.062
2026-08-28 04:07:00,6.059
2026-08-28 04:08:00,6.037
2026-08-28 04:09:00,5.973
2026-08-28 04:10:00,5.907
2026-08-28 04:11:00,8.86
2026-08-28 04:12:00,8.923
2026-08-28 04:13:00,8.706
2026-08-28 04:14:00,8.662
2026-08-28 04:15:00,8.657
2026-08-28 04:16:00,8.77
2026-08-28 04:17:00,8.631
2026-08-28 04:18:00,8.767
2026-08-28 04:19:00,8.748
2026-08-28 04:20:00,8.868
2026-08-28 04:21:00,8.924
2026-08-28 04:22:00,8.718
2026-08-28 04:23:00,8.642
2026-08-28 04:24:00,8.89
2026-08-28 04:25:00,8.942
2026-08-28 04:26:00,5.781
2026-08-28 04:27:00,5.765
2026-08-28 04:28:00,5.879
2026-08-28 04:29:00,5.923
2026-08-28 04:30:00,5.902
2026-08-28 04:31:00,5.815
2026-08-28 04:32:00,5.862
2026-08-28 04:33:00,5.948
2026-08-28 04:34:00,5.975
2026-08-28 04:35:00,5.924
2026-08-28 04:36:00,5.896
2026-08-28 04:37:00,5.787
2026-08-28 04:38:00,5.904
2026-08-28 04:39:00,5.935
2026-08-28 04:40:00,5.879
2026-08-28 04:41:00,8.467
2026-08-28 04:42:00,8.519
2026-08-28 04:43:00,8.527
2026-08-28 04:44:00,8.519
2026-08-28 04:45:00,8.563
2026-08-28 04:46:00,8.404
2026-08-28 04:47:00,8.695
2026-08-28 04:48:00,8.631
2026-08-28 04:49:00,8.638
2026-08-28 04:50:00,8.396
2026-08-28 04:51:00,8.551
2026-08-28 04:52:00,8.506
2026-08-28 04:53:00,8.56
2026-08-28 04:54:00,8.506
2026-08-28 04:55:00,8.717
2026-08-28 04:56:00,4.948
2026-08-28 04:57:00,4.848
2026-08-28 04:58:00,4.993
2026-08-28 04:59:00,4.963
2026-08-28 05:00:00,4.879
2026-08-28 05:01:00,4.921
2026-08-28 05:02:00,5.036
2026-08-28 05:03:00,4.966
2026-08-28 05:04:00,5.014
2026-08-28 05:05:00,5.013
2026-08-28 05:06:00,4.947
2026-08-28 05:07:00,5.033
2026-08-28 05:08:00,5.034
2026-08-28 05:09:00,4.872
2026-08-28 05:10:00,4.867
2026-08-28 05:11:00,4.587
2026-08-28 05:12:00,4.541
2026-08-28 05:13:00,4.625
2026-08-28 05:14:00,4.591
2026-08-28 05:15:00,4.608
2026-08-28 05:16:00,4.556
2026-08-28 05:17:00,4.536
2026-08-28 05:18:00,4.668
2026-08-28 05:19:00,4.658
2026-08-28 05:20:00,4.565
2026-08-28 05:21:00,4.537
2026-08-28 05:22:00,4.678
2026-08-28 05:23:00,4.551
2026-08-28 05:24:00,4.621
2026-08-28 05:25:00,4.538
2026-08-28 05:26:00,11.63
2026-08-28 05:27:00,11.514
2026-08-28 05:28:00,11.817
2026-08-28 05:29:00,11.808
2026-08-28 05:30:00,11.803
2026-08-28 05:31:00,11.76
2026-08-28 05:32:00,11.793
2026-08-28 05:33:00,11.709
2026-08-28 05:34:00,11.81
2026-08-28 05:35:00,11.496
2026-08-28 05:36:00,2.198
2026-08-28 05:37:00,2.199
2026-08-28 05:38:00,2.169
2026-08-28 05:39:00,2.214
2026-08-28 05:40:00,2.232
2026-08-28 05:41:00,2.214
2026-08-28 05:42:00,2.222
2026-08-28 05:43:00,2.246
2026-08-28 05:44:00,2.177
2026-08-28 05:45:00,2.242
2026-08-28 05:46:00,2.174
2026-08-28 05:47:00,2.236
2026-08-28 05:48:00,2.175
2026-08-28 05:49:00,2.228
2026-08-28 05:50:00,2.199
2026-08-28 05:51:00,2.123
2026-08-28 05:52:00,2.183
2026-08-28 05:53:00,2.148
2026-08-28 05:54:00,2.121
2026-08-28 05:55:00,2.127
2026-08-28 05:56:00,2.172
2026-08-28 05:57:00,2.154
2026-08-28 05:58:00,2.13
2026-08-28 05:59:00,2.143
2026-08-28 06:00:00,2.119
2026-08-28 06:01:00,2.154
2026-08-28 06:02:00,2.125
2026-08-28 06:03:00,2.113
2026-08-28 06:04:00,2.185
2026-08-28 06:05:00,2.144
2026-08-28 06:06:00,10.204
2026-08-28 06:07:00,10.436
2026-08-28 06:08:00,10.476
2026-08-28 06:09:00,10.486
2026-08-28 06:10:00,10.159
2026-08-28 06:11:00,10.328
2026-08-28 06:12:00,0.114
2026-08-28 06:13:00,0.062
2026-08-28 06:14:00,0.109
2026-08-28 06:15:00,0.051
2026-08-28 06:16:00,0.101
2026-08-28 06:17:00,0.058
2026-08-28 06:18:00,0.065
2026-08-28 06:19:00,0.094
2026-08-28 06:20:00,0.044
2026-08-28 06:21:00,0.072
2026-08-28 06:22:00,0.071
2026-08-28 06:23:00,0.05
2026-08-28 06:24:00,0.064
2026-08-28 06:25:00,0.056
2026-08-28 06:26:00,0.089
2026-08-28 06:27:00,0.099
2026-08-28 06:28:00,0.05
2026-08-28 06:29:00,0.087
2026-08-28 06:30:00,0.088
2026-08-28 06:31:00,6.328
2026-08-28 06:32:00,6.191
2026-08-28 06:33:00,6.425
2026-08-28 06:34:00,6.222
2026-08-28 06:35:00,6.334
2026-08-28 06:36:00,6.194
2026-08-28 06:37:00,6.279
2026-08-28 06:38:00,6.394
2026-08-28 06:39:00,6.285
2026-08-28 06:40:00,6.376
2026-08-28 06:41:00,6.399
2026-08-28 06:42:00,6.319
2026-08-28 06:43:00,6.243
2026-08-28 06:44:00,6.227
2026-08-28 06:45:00,6.319
2026-08-28 06:46:00,6.321
2026-08-28 06:47:00,0.078
2026-08-28 06:48:00,1.369
2026-08-28 06:49:00,1.4
2026-08-28 06:50:00,1.363
2026-08-28 06:51:00,1.389
2026-08-28 06:52:00,1.363
2026-08-28 06:53:00,1.352
2026-08-28 06:54:00,1.348
2026-08-28 06:55:00,1.353
2026-08-28 06:56:00,1.39
2026-08-28 06:57:00,1.392
2026-08-28 06:58:00,1.376
2026-08-28 06:59:00,1.372
2026-08-28 07:00:00,1.397
2026-08-28 07:01:00,1.386
2026-08-28 07:02:00,1.377
2026-08-28 07:03:00,1.39
2026-08-28 07:04:00,1.396
2026-08-28 07:05:00,1.363
2026-08-28 07:06:00,1.363
2026-08-28 07:07:00,1.37
2026-08-28 07:08:00,1.351
2026-08-28 07:09:00,1.387
2026-08-28 07:10:00,1.361
2026-08-28 07:11:00,1.394
2026-08-28 07:12:00,1.356
2026-08-28 07:13:00,1.381
2026-08-28 07:14:00,1.387
2026-08-28 07:15:00,1.358
2026-08-28 07:16:00,1.396
2026-08-28 07:17:00,1.384
2026-08-28 07:18:00,1.359
2026-08-28 07:19:00,0.106
2026-08-28 07:20:00,5.932
2026-08-28 07:21:00,5.904
2026-08-28 07:22:00,6.066
2026-08-28 07:23:00,5.881
2026-08-28 07:24:00,5.896
2026-08-28 07:25:00,6.083
2026-08-28 07:26:00,5.911
2026-08-28 07:27:00,6.002
2026-08-28 07:28:00,5.948
2026-08-28 07:29:00,6.027
2026-08-28 07:30:00,6.086
2026-08-28 07:31:00,6.045
2026-08-28 07:32:00,5.969
2026-08-28 07:33:00,5.964
2026-08-28 07:34:00,6.051
2026-08-28 07:35:00,5.924
2026-08-28 07:36:00,0.076
2026-08-28 07:37:00,0.784
2026-08-28 07:38:00,0.811
2026-08-28 07:39:00,0.814
2026-08-28 07:40:00,0.791
2026-08-28 07:41:00,0.815
2026-08-28 07:42:00,0.814
2026-08-28 07:43:00,0.803
2026-08-28 07:44:00,0.791
2026-08-28 07:45:00,0.795
2026-08-28 07:46:00,0.801
2026-08-28 07:47:00,0.814
2026-08-28 07:48:00,0.791
2026-08-28 07:49:00,0.785
2026-08-28 07:50:00,0.81
2026-08-28 07:51:00,0.785
2026-08-28 07:52:00,0.797
2026-08-28 07:53:00,0.042
2026-08-28 07:54:00,5.921
2026-08-28 07:55:00,5.934
2026-08-28 07:56:00,5.981
2026-08-28 07:57:00,6.002
2026-08-28 07:58:00,0.042
2026-08-28 07:59:00,5.996
2026-08-28 08:00:00,6.02
2026-08-28 08:01:00,6.084
2026-08-28 08:02:00,6.1
2026-08-28 08:03:00,0.095
2026-08-28 08:04:00,6.012
2026-08-28 08:05:00,5.887
2026-08-28 08:06:00,5.942
2026-08-28 08:07:00,0.119
2026-08-28 08:08:00,6.043
2026-08-28 08:09:00,5.991
2026-08-28 08:10:00,6.067
2026-08-28 08:11:00,0.102
2026-08-28 08:12:00,6.008
2026-08-28 08:13:00,5.903
2026-08-28 08:14:00,6.026
2026-08-28 08:15:00,0.082
2026-08-28 08:16:00,5.969
2026-08-28 08:17:00,5.999
2026-08-28 08:18:00,6.028
2026-08-28 08:19:00,0.061
2026-08-28 08:20:00,3.754
2026-08-28 08:21:00,3.836
2026-08-28 08:22:00,3.82
2026-08-28 08:23:00,0.06
2026-08-28 08:24:00,0.045
2026-08-28 08:25:00,0.093
2026-08-28 08:26:00,0.075
2026-08-28 08:27:00,0.046
2026-08-28 08:28:00,0.112
2026-08-28 08:29:00,0.043
2026-08-28 08:30:00,0.116
2026-08-28 08:31:00,0.048
2026-08-28 08:32:00,0.088
2026-08-28 08:33:00,0.06
2026-08-28 08:34:00,0.103
2026-08-28 08:35:00,0.09
2026-08-28 08:36:00,0.095
2026-08-28 08:37:00,0.092
2026-08-28 08:38:00,0.08
2026-08-28 08:39:00,0.066
2026-08-28 08:40:00,0.089
2026-08-28 08:41:00,0.057
2026-08-28 08:42:00,0.076
2026-08-28 08:43:00,0.072
2026-08-28 08:44:00,0.066
2026-08-28 08:45:00,0.088
2026-08-28 08:46:00,0.088
2026-08-28 08:47:00,0.072
2026-08-28 08:48:00,0.062
2026-08-28 08:49:00,0.079
2026-08-28 08:50:00,0.048
2026-08-28 08:51:00,0.102
2026-08-28 08:52:00,0.091
2026-08-28 08:53:00,0.107
2026-08-28 08:54:00,0.045
2026-08-28 08:55:00,0.058
2026-08-28 08:56:00,0.101
2026-08-28 08:57:00,0.079
2026-08-28 08:58:00,0.048
2026-08-28 08:59:00,0.043
2026-08-28 09:00:00,0.12
2026-08-28 09:01:00,0.073
2026-08-28 09:02:00,0.096
2026-08-28 09:03:00,0.051
2026-08-28 09:04:00,0.09
2026-08-28 09:05:00,0.072
2026-08-28 09:06:00,0.061
2026-08-28 09:07:00,0.089
2026-08-28 09:08:00,0.084
2026-08-28 09:09:00,0.05
2026-08-28 09:10:00,0.08
2026-08-28 09:11:00,0.1
2026-08-28 09:12:00,0.091
2026-08-28 09:13:00,0.101
2026-08-28 09:14:00,0.097
2026-08-28 09:15:00,0.043
2026-08-28 09:16:00,0.06
2026-08-28 09:17:00,0.088
2026-08-28 09:18:00,0.096
2026-08-28 09:19:00,0.085
2026-08-28 09:20:00,0.059
2026-08-28 09:21:00,0.073
2026-08-28 09:22:00,0.103
2026-08-28 09:23:00,0.102
2026-08-28 09:24:00,0.064
2026-08-28 09:25:00,0.083
2026-08-28 09:26:00,0.117
2026-08-28 09:27:00,0.08
2026-08-28 09:28:00,0.088
2026-08-28 09:29:00,0.099
2026-08-28 09:30:00,0.043
2026-08-28 09:31:00,0.107
2026-08-28 09:32:00,0.053
2026-08-28 09:33:00,0.075
2026-08-28 09:34:00,0.093
2026-08-28 09:35:00,0.05
2026-08-28 09:36:00,0.054
2026-08-28 09:37:00,0.049
2026-08-28 09:38:00,0.057
2026-08-28 09:39:00,0.057
2026-08-28 09:40:00,0.063
2026-08-28 09:41:00,0.076
2026-08-28 09:42:00,0.054
2026-08-28 09:43:00,0.1
2026-08-28 09:44:00,0.106
2026-08-28 09:45:00,0.111
2026-08-28 09:46:00,0.071
2026-08-28 09:47:00,0.049
2026-08-28 09:48:00,0.05
2026-08-28 09:49:00,0.096
2026-08-28 09:50:00,0.063
2026-08-28 09:51:00,0.067
2026-08-28 09:52:00,0.085
2026-08-28 09:53:00,0.078
2026-08-28 09:54:00,0.049
2026-08-28 09:55:00,0.042
2026-08-28 09:56:00,0.04
2026-08-28 09:57:00,0.107
2026-08-28 09:58:00,0.087
2026-08-28 09:59:00,0.056
2026-08-28 10:00:00,0.103
2026-08-28 10:01:00,0.105
2026-08-28 10:02:00,0.09
2026-08-28 10:03:00,0.086
2026-08-28 10:04:00,0.069
2026-08-28 10:05:00,0.114
2026-08-28 10:06:00,0.041
2026-08-28 10:07:00,0.085
2026-08-28 10:08:00,0.053
2026-08-28 10:09:00,0.057
2026-08-28 10:10:00,0.053
2026-08-28 10:11:00,0.057
2026-08-28 10:12:00,0.088
2026-08-28 10:13:00,0.091
2026-08-28 10:14:00,0.071
2026-08-28 10:15:00,0.107
2026-08-28 10:16:00,0.115
2026-08-28 10:17:00,0.076
2026-08-28 10:18:00,0.061
2026-08-28 10:19:00,0.099
2026-08-28 10:20:00,0.085
2026-08-28 10:21:00,0.101
2026-08-28 10:22:00,0.044
2026-08-28 10:23:00,0.106
2026-08-28 10:24:00,0.117
2026-08-28 10:25:00,0.05
2026-08-28 10:26:00,0.057
2026-08-28 10:27:00,0.084
2026-08-28 10:28:00,0.075
2026-08-28 10:29:00,0.042
2026-08-28 10:30:00,0.085
2026-08-28 10:31:00,0.094
2026-08-28 10:32:00,0.054
2026-08-28 10:33:00,0.078
2026-08-28 10:34:00,0.081
2026-08-28 10:35:00,0.105
2026-08-28 10:36:00,0.071
2026-08-28 10:37:00,0.059
2026-08-28 10:38:00,0.076
2026-08-28 10:39:00,0.091
2026-08-28 10:40:00,0.095
2026-08-28 10:41:00,0.067
2026-08-28 10:42:00,0.07
2026-08-28 10:43:00,0.069
2026-08-28 10:44:00,0.09
2026-08-28 10:45:00,0.1
2026-08-28 10:46:00,0.041
2026-08-28 10:47:00,0.094
2026-08-28 10:48:00,0.074
2026-08-28 10:49:00,0.086
2026-08-28 10:50:00,0.068
2026-08-28 10:51:00,0.077
2026-08-28 10:52:00,0.046
2026-08-28 10:53:00,0.052
2026-08-28 10:54:00,0.055
2026-08-28 10:55:00,0.106
2026-08-28 10:56:00,0.069
2026-08-28 10:57:00,0.094
2026-08-28 10:58:00,0.041
2026-08-28 10:59:00,0.067
2026-08-28 11:00:00,0.091
2026-08-28 11:01:00,0.075
2026-08-28 11:02:00,0.083
2026-08-28 11:03:00,0.077
2026-08-28 11:04:00,0.06
2026-08-28 11:05:00,0.103
2026-08-28 11:06:00,0.088
2026-08-28 11:07:00,0.088
2026-08-28 11:08:00,0.117
2026-08-28 11:09:00,0.065
2026-08-28 11:10:00,0.055
2026-08-28 11:11:00,0.062
2026-08-28 11:12:00,0.115
2026-08-28 11:13:00,0.116
2026-08-28 11:14:00,0.11
2026-08-28 11:15:00,0.068
2026-08-28 11:16:00,0.107
2026-08-28 11:17:00,0.114
2026-08-28 11:18:00,0.116
2026-08-28 11:19:00,0.054
2026-08-28 11:20:00,0.067
2026-08-28 11:21:00,0.102
2026-08-28 11:22:00,0.116
2026-08-28 11:23:00,0.061
2026-08-28 11:24:00,0.047
2026-08-28 11:25:00,0.111
2026-08-28 11:26:00,0.074
2026-08-28 11:27:00,0.108
2026-08-28 11:28:00,0.103
2026-08-28 11:29:00,0.062
2026-08-28 11:30:00,0.052
2026-08-28 11:31:00,0.063
2026-08-28 11:32:00,0.044
2026-08-28 11:33:00,0.083
2026-08-28 11:34:00,0.052
2026-08-28 11:35:00,0.064
2026-08-28 11:36:00,0.051
2026-08-28 11:37:00,0.053
2026-08-28 11:38:00,0.045
2026-08-28 11:39:00,0.07
2026-08-28 11:40:00,0.096
2026-08-28 11:41:00,0.094
2026-08-28 11:42:00,0.116
2026-08-28 11:43:00,0.047
2026-08-28 11:44:00,0.063
2026-08-28 11:45:00,0.069
2026-08-28 11:46:00,0.079
2026-08-28 11:47:00,0.107
2026-08-28 11:48:00,0.051
2026-08-28 11:49:00,0.074
2026-08-28 11:50:00,0.051
2026-08-28 11:51:00,0.074
2026-08-28 11:52:00,0.069
2026-08-28 11:53:00,0.109
2026-08-28 11:54:00,0.089
2026-08-28 11:55:00,0.088
2026-08-28 11:56:00,0.11
2026-08-28 11:57:00,0.08
2026-08-28 11:58:00,0.118
2026-08-28 11:59:00,0.048
2026-08-28 12:00:00,0.072
2026-08-28 12:01:00,0.11
2026-08-28 12:02:00,0.048
2026-08-28 12:03:00,0.063
2026-08-28 12:04:00,0.082
2026-08-28 12:05:00,0.107
2026-08-28 12:06:00,0.048
2026-08-28 12:07:00,0.051
2026-08-28 12:08:00,0.089
2026-08-28 12:09:00,0.067
2026-08-28 12:10:00,0.068
2026-08-28 12:11:00,0.047
2026-08-28 12:12:00,0.046
2026-08-28 12:13:00,0.074
2026-08-28 12:14:00,0.117
2026-08-28 12:15:00,0.069
2026-08-28 12:16:00,0.058
2026-08-28 12:17:00,0.095
2026-08-28 12:18:00,0.103
2026-08-28 12:19:00,0.073
2026-08-28 12:20:00,0.104
2026-08-28 12:21:00,0.082
2026-08-28 12:22:00,0.079
2026-08-28 12:23:00,0.099
2026-08-28 12:24:00,0.109
2026-08-28 12:25:00,0.118
2026-08-28 12:26:00,0.054
2026-08-28 12:27:00,0.07
2026-08-28 12:28:00,0.092
2026-08-28 12:29:00,0.052
2026-08-28 12:30:00,0.089
2026-08-28 12:31:00,0.08
2026-08-28 12:32:00,0.083
2026-08-28 12:33:00,0.06
2026-08-28 12:34:00,0.043
2026-08-28 12:35:00,0.054
2026-08-28 12:36:00,0.061
2026-08-28 12:37:00,0.115
2026-08-28 12:38:00,0.044
2026-08-28 12:39:00,0.051
2026-08-28 12:40:00,0.048
2026-08-28 12:41:00,0.068
2026-08-28 12:42:00,0.053
2026-08-28 12:43:00,0.05
2026-08-28 12:44:00,0.078
2026-08-28 12:45:00,0.06
2026-08-28 12:46:00,0.12
2026-08-28 12:47:00,0.051
2026-08-28 12:48:00,0.071
2026-08-28 12:49:00,0.11
2026-08-28 12:50:00,0.047
2026-08-28 12:51:00,0.091
2026-08-28 12:52:00,0.079
2026-08-28 12:53:00,0.09
2026-08-28 12:54:00,0.115
2026-08-28 12:55:00,0.089
2026-08-28 12:56:00,0.106
2026-08-28 12:57:00,0.087
2026-08-28 12:58:00,0.097
2026-08-28 12:59:00,0.117
2026-08-28 13:00:00,0.078
2026-08-28 13:01:00,0.083
2026-08-28 13:02:00,0.087
2026-08-28 13:03:00,0.094
2026-08-28 13:04:00,0.091
2026-08-28 13:05:00,0.043
2026-08-28 13:06:00,0.116
2026-08-28 13:07:00,0.097
2026-08-28 13:08:00,0.111
2026-08-28 13:09:00,0.08
2026-08-28 13:10:00,0.098
2026-08-28 13:11:00,0.092
2026-08-28 13:12:00,0.091
2026-08-28 13:13:00,0.089
2026-08-28 13:14:00,0.079
2026-08-28 13:15:00,0.064
2026-08-28 13:16:00,0.055
2026-08-28 13:17:00,0.071
2026-08-28 13:18:00,0.065
2026-08-28 13:19:00,0.05
2026-08-28 13:20:00,0.084
2026-08-28 13:21:00,0.098
2026-08-28 13:22:00,0.081
2026-08-28 13:23:00,0.042
2026-08-28 13:24:00,0.061
2026-08-28 13:25:00,0.055
2026-08-28 13:26:00,0.079
2026-08-28 13:27:00,0.1
2026-08-28 13:28:00,0.108
2026-08-28 13:29:00,0.08
2026-08-28 13:30:00,0.087
2026-08-28 13:31:00,0.052
2026-08-28 13:32:00,0.066
2026-08-28 13:33:00,0.119
2026-08-28 13:34:00,0.094
2026-08-28 13:35:00,0.114
2026-08-28 13:36:00,0.064
2026-08-28 13:37:00,0.095
2026-08-28 13:38:00,0.085
2026-08-28 13:39:00,0.093
2026-08-28 13:40:00,0.072
2026-08-28 13:41:00,0.063
2026-08-28 13:42:00,0.107
2026-08-28 13:43:00,0.058
2026-08-28 13:44:00,0.115
2026-08-28 13:45:00,0.105
2026-08-28 13:46:00,0.084
2026-08-28 13:47:00,0.113
2026-08-28 13:48:00,0.069
2026-08-28 13:49:00,0.095
2026-08-28 13:50:00,0.097
2026-08-28 13:51:00,0.099
2026-08-28 13:52:00,0.09
2026-08-28 13:53:00,0.106
2026-08-28 13:54:00,0.113
2026-08-28 13:55:00,0.043
2026-08-28 13:56:00,0.086
2026-08-28 13:57:00,0.1
2026-08-28 13:58:00,0.046
2026-08-28 13:59:00,0.045
2026-08-28 14:00:00,0.057
2026-08-28 14:01:00,0.109
2026-08-28 14:02:00,0.074
2026-08-28 14:03:00,0.056
2026-08-28 14:04:00,0.045
2026-08-28 14:05:00,0.067
2026-08-28 14:06:00,0.054
2026-08-28 14:07:00,0.062
2026-08-28 14:08:00,0.062
2026-08-28 14:09:00,0.076
2026-08-28 14:10:00,0.07
2026-08-28 14:11:00,0.095
2026-08-28 14:12:00,0.056
2026-08-28 14:13:00,0.05
2026-08-28 14:14:00,0.051
2026-08-28 14:15:00,0.091
2026-08-28 14:16:00,0.066
2026-08-28 14:17:00,0.042
2026-08-28 14:18:00,0.108
2026-08-28 14:19:00,0.095
2026-08-28 14:20:00,0.045
2026-08-28 14:21:00,0.084
2026-08-28 14:22:00,0.079
2026-08-28 14:23:00,0.049
2026-08-28 14:24:00,0.094
2026-08-28 14:25:00,0.09
2026-08-28 14:26:00,0.114
2026-08-28 14:27:00,0.046
2026-08-28 14:28:00,0.062
2026-08-28 14:29:00,0.115
2026-08-28 14:30:00,0.098
2026-08-28 14:31:00,0.093
2026-08-28 14:32:00,0.107
2026-08-28 14:33:00,0.048
2026-08-28 14:34:00,0.048
2026-08-28 14:35:00,0.108
2026-08-28 14:36:00,0.075
2026-08-28 14:37:00,0.045
2026-08-28 14:38:00,0.112
2026-08-28 14:39:00,0.077
2026-08-28 14:40:00,0.074
2026-08-28 14:41:00,0.076
2026-08-28 14:42:00,0.093
2026-08-28 14:43:00,0.075
2026-08-28 14:44:00,0.046
2026-08-28 14:45:00,0.115
2026-08-28 14:46:00,0.068
2026-08-28 14:47:00,0.108
2026-08-28 14:48:00,0.102
2026-08-28 14:49:00,0.088
2026-08-28 14:50:00,0.053
2026-08-28 14:51:00,0.107
2026-08-28 14:52:00,0.059
2026-08-28 14:53:00,0.119
2026-08-28 14:54:00,0.077
2026-08-28 14:55:00,0.045
2026-08-28 14:56:00,0.112
2026-08-28 14:57:00,0.072
2026-08-28 14:58:00,0.116
2026-08-28 14:59:00,0.083
2026-08-28 15:00:00,0.087
2026-08-28 15:01:00,0.076
2026-08-28 15:02:00,0.074
2026-08-28 15:03:00,0.109
2026-08-28 15:04:00,0.059
2026-08-28 15:05:00,0.042
2026-08-28 15:06:00,0.102
2026-08-28 15:07:00,0.061
2026-08-28 15:08:00,0.047
2026-08-28 15:09:00,0.054
2026-08-28 15:10:00,0.054
2026-08-28 15:11:00,0.113
2026-08-28 15:12:00,0.103
2026-08-28 15:13:00,0.089
2026-08-28 15:14:00,0.076
2026-08-28 15:15:00,0.082
2026-08-28 15:16:00,0.056
2026-08-28 15:17:00,0.095
2026-08-28 15:18:00,0.062
2026-08-28 15:19:00,0.042
2026-08-28 15:20:00,0.112
2026-08-28 15:21:00,0.059
2026-08-28 15:22:00,0.082
2026-08-28 15:23:00,0.04
2026-08-28 15:24:00,0.098
2026-08-28 15:25:00,0.083
2026-08-28 15:26:00,0.117
2026-08-28 15:27:00,0.051
2026-08-28 15:28:00,0.092
2026-08-28 15:29:00,0.058
2026-08-28 15:30:00,0.053
2026-08-28 15:31:00,0.098
2026-08-28 15:32:00,0.051
2026-08-28 15:33:00,0.044
2026-08-28 15:34:00,0.057
2026-08-28 15:35:00,0.055
2026-08-28 15:36:00,0.09
2026-08-28 15:37:00,0.099
2026-08-28 15:38:00,0.11
2026-08-28 15:39:00,0.044
2026-08-28 15:40:00,0.084
2026-08-28 15:41:00,0.064
2026-08-28 15:42:00,0.107
2026-08-28 15:43:00,0.101
2026-08-28 15:44:00,0.08
2026-08-28 15:45:00,0.095
2026-08-28 15:46:00,0.082
2026-08-28 15:47:00,0.078
2026-08-28 15:48:00,0.051
2026-08-28 15:49:00,0.076
2026-08-28 15:50:00,0.093
2026-08-28 15:51:00,0.083
2026-08-28 15:52:00,0.118
2026-08-28 15:53:00,0.118
2026-08-28 15:54:00,0.059
2026-08-28 15:55:00,0.062
2026-08-28 15:56:00,0.059
2026-08-28 15:57:00,0.07
2026-08-28 15:58:00,0.108
2026-08-28 15:59:00,0.085
2026-08-28 16:00:00,0.07
2026-08-28 16:01:00,0.043
2026-08-28 16:02:00,0.078
2026-08-28 16:03:00,0.113
2026-08-28 16:04:00,0.115
2026-08-28 16:05:00,0.089
2026-08-28 16:06:00,0.051
2026-08-28 16:07:00,0.069
2026-08-28 16:08:00,0.105
2026-08-28 16:09:00,0.095
2026-08-28 16:10:00,0.046
2026-08-28 16:11:00,0.063
2026-08-28 16:12:00,0.06
2026-08-28 16:13:00,0.09
2026-08-28 16:14:00,0.06
2026-08-28 16:15:00,0.107
2026-08-28 16:16:00,0.11
2026-08-28 16:17:00,0.061
2026-08-28 16:18:00,0.077
2026-08-28 16:19:00,0.104
2026-08-28 16:20:00,0.108
2026-08-28 16:21:00,0.07
2026-08-28 16:22:00,0.067
2026-08-28 16:23:00,0.116
2026-08-28 16:24:00,0.11
2026-08-28 16:25:00,0.053
2026-08-28 16:26:00,0.11
2026-08-28 16:27:00,0.057
2026-08-28 16:28:00,0.073
2026-08-28 16:29:00,0.057
2026-08-28 16:30:00,0.079
2026-08-28 16:31:00,0.061
2026-08-28 16:32:00,0.098
2026-08-28 16:33:00,0.087
2026-08-28 16:34:00,0.087
2026-08-28 16:35:00,0.067
2026-08-28 16:36:00,0.07
2026-08-28 16:37:00,0.044
2026-08-28 16:38:00,0.059
2026-08-28 16:39:00,0.065
2026-08-28 16:40:00,0.063
2026-08-28 16:41:00,0.09
2026-08-28 16:42:00,0.065
2026-08-28 16:43:00,0.081
2026-08-28 16:44:00,0.079
2026-08-28 16:45:00,0.112
2026-08-28 16:46:00,0.063
2026-08-28 16:47:00,0.095
2026-08-28 16:48:00,0.068
2026-08-28 16:49:00,0.101
2026-08-28 16:50:00,0.087
2026-08-28 16:51:00,0.117
2026-08-28 16:52:00,0.096
2026-08-28 16:53:00,0.094
2026-08-28 16:54:00,0.048
2026-08-28 16:55:00,0.044
2026-08-28 16:56:00,0.052
2026-08-28 16:57:00,0.079
2026-08-28 16:58:00,0.06
2026-08-28 16:59:00,0.106
2026-08-28 17:00:00,0.099
2026-08-28 17:01:00,0.068
2026-08-28 17:02:00,0.099
2026-08-28 17:03:00,0.112
2026-08-28 17:04:00,0.075
2026-08-28 17:05:00,0.075
2026-08-28 17:06:00,0.117
2026-08-28 17:07:00,0.054
2026-08-28 17:08:00,0.062
2026-08-28 17:09:00,0.071
2026-08-28 17:10:00,0.088
2026-08-28 17:11:00,0.052
2026-08-28 17:12:00,0.05
2026-08-28 17:13:00,0.095
2026-08-28 17:14:00,0.106
2026-08-28 17:15:00,0.097
2026-08-28 17:16:00,0.079
2026-08-28 17:17:00,0.078
2026-08-28 17:18:00,0.067
2026-08-28 17:19:00,0.083
2026-08-28 17:20:00,0.08
2026-08-28 17:21:00,0.074
2026-08-28 17:22:00,0.04
2026-08-28 17:23:00,0.068
2026-08-28 17:24:00,0.072
2026-08-28 17:25:00,0.093
2026-08-28 17:26:00,0.104
2026-08-28 17:27:00,0.105
2026-08-28 17:28:00,0.118
2026-08-28 17:29:00,0.117
2026-08-28 17:30:00,0.078
2026-08-28 17:31:00,0.085
2026-08-28 17:32:00,0.091
2026-08-28 17:33:00,0.095
2026-08-28 17:34:00,0.042
2026-08-28 17:35:00,0.105
2026-08-28 17:36:00,0.075
2026-08-28 17:37:00,0.041
2026-08-28 17:38:00,0.107
2026-08-28 17:39:00,0.084
2026-08-28 17:40:00,0.103
2026-08-28 17:41:00,0.096
2026-08-28 17:42:00,0.064
2026-08-28 17:43:00,0.059
2026-08-28 17:44:00,0.049
2026-08-28 17:45:00,0.061
2026-08-28 17:46:00,0.046
2026-08-28 17:47:00,0.065
2026-08-28 17:48:00,0.066
2026-08-28 17:49:00,0.061
2026-08-28 17:50:00,0.064
2026-08-28 17:51:00,0.068
2026-08-28 17:52:00,0.045
2026-08-28 17:53:00,0.065
2026-08-28 17:54:00,0.084
2026-08-28 17:55:00,0.067
2026-08-28 17:56:00,0.048
2026-08-28 17:57:00,0.096
2026-08-28 17:58:00,0.06
2026-08-28 17:59:00,0.074
2026-08-28 18:00:00,0.054
2026-08-28 18:01:00,0.114
2026-08-28 18:02:00,0.113
2026-08-28 18:03:00,0.067
2026-08-28 18:04:00,0.071
2026-08-28 18:05:00,0.093
2026-08-28 18:06:00,0.059
2026-08-28 18:07:00,0.042
2026-08-28 18:08:00,0.099
2026-08-28 18:09:00,0.083
2026-08-28 18:10:00,0.055
2026-08-28 18:11:00,0.086
2026-08-28 18:12:00,0.081
2026-08-28 18:13:00,0.053
2026-08-28 18:14:00,0.076
2026-08-28 18:15:00,0.046
2026-08-28 18:16:00,0.089
2026-08-28 18:17:00,0.05
2026-08-28 18:18:00,0.106
2026-08-28 18:19:00,0.056
2026-08-28 18:20:00,0.12
2026-08-28 18:21:00,0.102
2026-08-28 18:22:00,0.087
2026-08-28 18:23:00,0.101
2026-08-28 18:24:00,0.111
2026-08-28 18:25:00,0.067
2026-08-28 18:26:00,0.109
2026-08-28 18:27:00,0.06
2026-08-28 18:28:00,0.065
2026-08-28 18:29:00,0.059
2026-08-28 18:30:00,0.067
2026-08-28 18:31:00,0.062
2026-08-28 18:32:00,0.056
2026-08-28 18:33:00,0.044
2026-08-28 18:34:00,0.055
2026-08-28 18:35:00,0.081
2026-08-28 18:36:00,0.054
2026-08-28 18:37:00,0.066
2026-08-28 18:38:00,0.106
2026-08-28 18:39:00,0.066
2026-08-28 18:40:00,0.084
2026-08-28 18:41:00,0.047
2026-08-28 18:42:00,0.103
2026-08-28 18:43:00,0.062
2026-08-28 18:44:00,0.073
2026-08-28 18:45:00,0.042
2026-08-28 18:46:00,0.053
2026-08-28 18:47:00,0.074
2026-08-28 18:48:00,0.093
2026-08-28 18:49:00,0.068
2026-08-28 18:50:00,0.045
2026-08-28 18:51:00,0.098
2026-08-28 18:52:00,0.07
2026-08-28 18:53:00,0.047
2026-08-28 18:54:00,0.053
2026-08-28 18:55:00,0.051
2026-08-28 18:56:00,0.118
2026-08-28 18:57:00,0.058
2026-08-28 18:58:00,0.067
2026-08-28 18:59:00,0.066
2026-08-28 19:00:00,0.116
2026-08-28 19:01:00,0.107
2026-08-28 19:02:00,0.115
2026-08-28 19:03:00,0.116
2026-08-28 19:04:00,0.053
2026-08-28 19:05:00,0.066
2026-08-28 19:06:00,0.056
2026-08-28 19:07:00,0.114
2026-08-28 19:08:00,0.045
2026-08-28 19:09:00,0.063
2026-08-28 19:10:00,0.097
2026-08-28 19:11:00,0.05
2026-08-28 19:12:00,0.055
2026-08-28 19:13:00,0.083
2026-08-28 19:14:00,0.051
2026-08-28 19:15:00,0.091
2026-08-28 19:16:00,0.107
2026-08-28 19:17:00,0.087
2026-08-28 19:18:00,0.086
2026-08-28 19:19:00,0.057
2026-08-28 19:20:00,0.115
2026-08-28 19:21:00,0.068
2026-08-28 19:22:00,0.048
2026-08-28 19:23:00,0.094
2026-08-28 19:24:00,0.059
2026-08-28 19:25:00,0.107
2026-08-28 19:26:00,0.076
2026-08-28 19:27:00,0.081
2026-08-28 19:28:00,0.079
2026-08-28 19:29:00,0.082
2026-08-28 19:30:00,0.05
2026-08-28 19:31:00,0.105
2026-08-28 19:32:00,0.065
2026-08-28 19:33:00,0.047
2026-08-28 19:34:00,0.115
2026-08-28 19:35:00,0.06
2026-08-28 19:36:00,0.104
2026-08-28 19:37:00,0.047
2026-08-28 19:38:00,0.048
2026-08-28 19:39:00,0.105
2026-08-28 19:40:00,0.042
2026-08-28 19:41:00,0.099
2026-08-28 19:42:00,0.069
2026-08-28 19:43:00,0.089
2026-08-28 19:44:00,0.048
2026-08-28 19:45:00,0.09
2026-08-28 19:46:00,0.084
2026-08-28 19:47:00,0.09
2026-08-28 19:48:00,0.083
2026-08-28 19:49:00,0.063
2026-08-28 19:50:00,0.108
2026-08-28 19:51:00,0.088
2026-08-28 19:52:00,0.1
2026-08-28 19:53:00,0.109
2026-08-28 19:54:00,0.076
2026-08-28 19:55:00,0.063
2026-08-28 19:56:00,0.058
2026-08-28 19:57:00,0.063
2026-08-28 19:58:00,0.075
2026-08-28 19:59:00,0.093
2026-08-28 20:00:00,0.095
2026-08-28 20:01:00,0.089
2026-08-28 20:02:00,0.051
2026-08-28 20:03:00,0.109
2026-08-28 20:04:00,0.048
2026-08-28 20:05:00,0.094
2026-08-28 20:06:00,0.059
2026-08-28 20:07:00,0.052
2026-08-28 20:08:00,0.079
2026-08-28 20:09:00,0.118
2026-08-28 20:10:00,0.066
2026-08-28 20:11:00,0.115
2026-08-28 20:12:00,0.112
2026-08-28 20:13:00,0.077
2026-08-28 20:14:00,0.101
2026-08-28 20:15:00,0.09
2026-08-28 20:16:00,0.113
2026-08-28 20:17:00,0.11
2026-08-28 20:18:00,0.046
2026-08-28 20:19:00,0.05
2026-08-28 20:20:00,0.092
2026-08-28 20:21:00,0.086
2026-08-28 20:22:00,0.051
2026-08-28 20:23:00,0.113
2026-08-28 20:24:00,0.044
2026-08-28 20:25:00,0.117
2026-08-28 20:26:00,0.114
2026-08-28 20:27:00,0.063
2026-08-28 20:28:00,0.111
2026-08-28 20:29:00,0.057
2026-08-28 20:30:00,0.087
2026-08-28 20:31:00,0.043
2026-08-28 20:32:00,0.041
2026-08-28 20:33:00,0.098
2026-08-28 20:34:00,0.046
2026-08-28 20:35:00,0.089
2026-08-28 20:36:00,0.071
2026-08-28 20:37:00,0.071
2026-08-28 20:38:00,0.102
2026-08-28 20:39:00,0.109
2026-08-28 20:40:00,0.061
2026-08-28 20:41:00,0.118
2026-08-28 20:42:00,0.084
2026-08-28 20:43:00,0.076
2026-08-28 20:44:00,0.075
2026-08-28 20:45:00,0.104
2026-08-28 20:46:00,0.071
2026-08-28 20:47:00,0.099
2026-08-28 20:48:00,0.069
2026-08-28 20:49:00,0.095
2026-08-28 20:50:00,0.081
2026-08-28 20:51:00,0.119
2026-08-28 20:52:00,0.096
2026-08-28 20:53:00,0.041
2026-08-28 20:54:00,0.09
2026-08-28 20:55:00,0.098
2026-08-28 20:56:00,0.074
2026-08-28 20:57:00,0.043
2026-08-28 20:58:00,0.089
2026-08-28 20:59:00,0.106
2026-08-28 21:00:00,0.094
2026-08-28 21:01:00,0.043
2026-08-28 21:02:00,0.113
2026-08-28 21:03:00,0.104
2026-08-28 21:04:00,0.042
2026-08-28 21:05:00,0.11
2026-08-28 21:06:00,0.072
2026-08-28 21:07:00,0.052
2026-08-28 21:08:00,0.093
2026-08-28 21:09:00,0.045
2026-08-28 21:10:00,0.079
2026-08-28 21:11:00,0.104
2026-08-28 21:12:00,0.102
2026-08-28 21:13:00,0.072
2026-08-28 21:14:00,0.1
2026-08-28 21:15:00,0.119
2026-08-28 21:16:00,0.062
2026-08-28 21:17:00,0.094
2026-08-28 21:18:00,0.06
2026-08-28 21:19:00,0.057
2026-08-28 21:20:00,0.067
2026-08-28 21:21:00,0.06
2026-08-28 21:22:00,0.078
2026-08-28 21:23:00,0.043
2026-08-28 21:24:00,0.089
2026-08-28 21:25:00,0.059
2026-08-28 21:26:00,0.081
2026-08-28 21:27:00,0.102
2026-08-28 21:28:00,0.049
2026-08-28 21:29:00,0.105
2026-08-28 21:30:00,0.108
2026-08-28 21:31:00,0.079
2026-08-28 21:32:00,0.113
2026-08-28 21:33:00,0.096
2026-08-28 21:34:00,0.113
2026-08-28 21:35:00,0.105
2026-08-28 21:36:00,0.074
2026-08-28 21:37:00,0.115
2026-08-28 21:38:00,0.065
2026-08-28 21:39:00,0.08
2026-08-28 21:40:00,0.101
2026-08-28 21:41:00,0.09
2026-08-28 21:42:00,0.066
2026-08-28 21:43:00,0.084
2026-08-28 21:44:00,0.066
2026-08-28 21:45:00,0.11
2026-08-28 21:46:00,0.052
2026-08-28 21:47:00,0.091
2026-08-28 21:48:00,0.114
2026-08-28 21:49:00,0.089
2026-08-28 21:50:00,0.11
2026-08-28 21:51:00,0.042
2026-08-28 21:52:00,0.108
2026-08-28 21:53:00,0.087
2026-08-28 21:54:00,0.065
2026-08-28 21:55:00,0.042
2026-08-28 21:56:00,0.096
2026-08-28 21:57:00,0.118
2026-08-28 21:58:00,0.041
2026-08-28 21:59:00,0.041
2026-08-28 22:00:00,0.119
2026-08-28 22:01:00,0.067
2026-08-28 22:02:00,0.059
2026-08-28 22:03:00,0.068
2026-08-28 22:04:00,0.105
2026-08-28 22:05:00,0.101
2026-08-28 22:06:00,0.091
2026-08-28 22:07:00,0.093
2026-08-28 22:08:00,0.046
2026-08-28 22:09:00,0.09
2026-08-28 22:10:00,0.104
2026-08-28 22:11:00,0.091
2026-08-28 22:12:00,0.117
2026-08-28 22:13:00,0.046
2026-08-28 22:14:00,0.061
2026-08-28 22:15:00,0.114
2026-08-28 22:16:00,0.11
2026-08-28 22:17:00,0.071
2026-08-28 22:18:00,0.057
2026-08-28 22:19:00,0.114
2026-08-28 22:20:00,0.106
2026-08-28 22:21:00,0.094
2026-08-28 22:22:00,0.063
2026-08-28 22:23:00,0.106
2026-08-28 22:24:00,0.047
2026-08-28 22:25:00,0.087
2026-08-28 22:26:00,0.05
2026-08-28 22:27:00,0.092
2026-08-28 22:28:00,0.092
2026-08-28 22:29:00,0.04
2026-08-28 22:30:00,0.068
2026-08-28 22:31:00,0.09
2026-08-28 22:32:00,0.085
2026-08-28 22:33:00,0.12
2026-08-28 22:34:00,0.092
2026-08-28 22:35:00,0.113
2026-08-28 22:36:00,0.08
2026-08-28 22:37:00,0.068
2026-08-28 22:38:00,0.089
2026-08-28 22:39:00,0.089
2026-08-28 22:40:00,0.116
2026-08-28 22:41:00,0.075
2026-08-28 22:42:00,0.09
2026-08-28 22:43:00,0.081
2026-08-28 22:44:00,0.113
2026-08-28 22:45:00,0.079
2026-08-28 22:46:00,0.062
2026-08-28 22:47:00,0.115
2026-08-28 22:48:00,0.119
2026-08-28 22:49:00,0.057
2026-08-28 22:50:00,0.098
2026-08-28 22:51:00,0.109
2026-08-28 22:52:00,0.061
2026-08-28 22:53:00,0.084
2026-08-28 22:54:00,0.045
2026-08-28 22:55:00,0.041
2026-08-28 22:56:00,0.068
2026-08-28 22:57:00,0.113
2026-08-28 22:58:00,0.104
2026-08-28 22:59:00,0.088
2026-08-28 23:00:00,0.085
2026-08-28 23:01:00,0.055
2026-08-28 23:02:00,0.102
2026-08-28 23:03:00,0.115
2026-08-28 23:04:00,0.12
2026-08-28 23:05:00,0.079
2026-08-28 23:06:00,0.058
2026-08-28 23:07:00,0.053
2026-08-28 23:08:00,0.116
2026-08-28 23:09:00,0.052
2026-08-28 23:10:00,0.113
2026-08-28 23:11:00,0.092
2026-08-28 23:12:00,0.054
2026-08-28 23:13:00,0.1
2026-08-28 23:14:00,0.063
2026-08-28 23:15:00,0.042
2026-08-28 23:16:00,0.091
2026-08-28 23:17:00,0.043
2026-08-28 23:18:00,0.07
2026-08-28 23:19:00,0.104
2026-08-28 23:20:00,0.113
2026-08-28 23:21:00,0.119
2026-08-28 23:22:00,0.094
2026-08-28 23:23:00,0.11
2026-08-28 23:24:00,0.075
2026-08-28 23:25:00,0.076
2026-08-28 23:26:00,0.06
2026-08-28 23:27:00,0.092
2026-08-28 23:28:00,0.047
2026-08-28 23:29:00,0.047
2026-08-28 23:30:00,0.119
2026-08-28 23:31:00,0.078
2026-08-28 23:32:00,0.114
2026-08-28 23:33:00,0.08
2026-08-28 23:34:00,0.083
2026-08-28 23:35:00,0.084
2026-08-28 23:36:00,0.047
2026-08-28 23:37:00,0.109
2026-08-28 23:38:00,0.069
2026-08-28 23:39:00,0.08
2026-08-28 23:40:00,0.047
2026-08-28 23:41:00,0.077
2026-08-28 23:42:00,0.048
2026-08-28 23:43:00,0.074
2026-08-28 23:44:00,0.042
2026-08-28 23:45:00,0.098
2026-08-28 23:46:00,0.047
2026-08-28 23:47:00,0.041
2026-08-28 23:48:00,0.085
2026-08-28 23:49:00,0.115
2026-08-28 23:50:00,0.087
2026-08-28 23:51:00,0.115
2026-08-28 23:52:00,0.08
2026-08-28 23:53:00,0.091
2026-08-28 23:54:00,0.07
2026-08-28 23:55:00,0.108
2026-08-28 23:56:00,0.075
2026-08-28 23:57:00,0.057
2026-08-28 23:58:00,0.075
2026-08-28 23:59:00,0.081
